"County FIPS","County Name","Year","Population","Births","Deaths","Natural Increase","Net Migration","Census Building Permits","Group Quarters Population","Household Population","Households","Household Size","Household Population to Total Housing Units Ratio","Total Housing Units","Vacancy Rate","Vacant Housing Units"
"1","Adams County","2001","359,437","7,132","2,223","4,909","2,793","5,819","3,396","356,041","126,724","2.81","2.66","133,917","5.40","7,193"
"1","Adams County","2002","371,181","7,271","2,213","5,058","6,686","6,158","3,625","367,556","130,680","2.81","2.63","139,734","6.50","9,054"
"1","Adams County","2003","377,665","7,393","2,283","5,110","1,374","5,981","3,649","374,016","132,793","2.82","2.59","144,635","8.20","11,842"
"1","Adams County","2004","385,945","7,429","2,216","5,213","3,067","4,811","3,643","382,302","135,443","2.82","2.55","149,648","9.50","14,205"
"1","Adams County","2005","395,384","7,560","2,357","5,203","4,236","5,313","3,626","391,758","138,478","2.83","2.54","154,113","10.20","15,635"
"1","Adams County","2006","407,587","7,733","2,241","5,492","6,711","4,928","3,657","403,930","142,496","2.83","2.56","157,948","9.80","15,452"
"1","Adams County","2007","415,915","7,841","2,279","5,562","2,766","3,252","3,671","412,244","145,208","2.84","2.57","160,651","9.60","15,443"
"1","Adams County","2008","425,138","7,925","2,448","5,477","3,746","2,288","3,683","421,455","148,306","2.84","2.60","162,115","8.50","13,809"
"1","Adams County","2009","436,323","7,699","2,359","5,340","5,845","957","3,873","432,450","152,045","2.84","2.66","162,794","6.60","10,749"
"1","Adams County","2010","443,711","7,436","2,474","4,962","2,426","662","4,027","439,684","154,505","2.85","2.69","163,435","5.46","8,930"
"1","Adams County","2011","452,181","7,247","2,467","4,780","3,690","565","4,061","448,120","157,248","2.85","2.72","164,593","4.46","7,345"
"1","Adams County","2012","460,468","6,923","2,754","4,169","4,118","1,015","4,057","456,411","159,932","2.85","2.75","165,858","3.57","5,926"
"1","Adams County","2013","469,878","7,171","2,798","4,373","5,037","1,340","4,086","465,792","162,991","2.86","2.78","167,459","2.67","4,468"
"1","Adams County","2014","479,901","7,044","2,711","4,333","5,690","1,115","4,211","475,690","166,221","2.86","2.81","169,377","1.86","3,156"
"1","Adams County","2015","490,351","7,361","2,962","4,399","6,051","2,101","4,225","486,126","169,630","2.87","2.84","171,361","1.01","1,731"
"1","Adams County","2016","497,822","7,171","2,942","4,229","3,242","2,657","4,416","493,406","171,930","2.87","2.85","173,204","0.74","1,274"
"1","Adams County","2017","503,706","7,167","3,113","4,054","1,830","2,552","4,406","499,300","173,741","2.87","2.83","176,439","1.53","2,698"
"1","Adams County","2018","511,422","6,916","3,128","3,788","3,928","2,797","4,426","506,996","176,173","2.88","2.82","180,056","2.16","3,883"
"1","Adams County","2019","516,481","6,719","3,170","3,549","1,510","2,666","4,443","512,038","177,677","2.88","2.79","183,751","3.31","6,074"
"1","Adams County","2020","520,489","6,805","3,402","3,403","605","4,027","4,476","516,013","179,414","2.88","2.75","187,474","4.30","8,060"
"1","Adams County","2021","523,505","6,644","3,958","2,686","330","4,687","4,521","518,984","183,221","2.83","2.71","191,465","4.31","8,244"
"1","Adams County","2022","528,201","6,838","4,299","2,539","2,157","2,811","4,564","523,637","187,112","2.80","2.68","195,556","4.32","8,444"
"1","Adams County","2023","535,901","6,905","3,611","3,294","4,406","2,817","4,580","531,321","190,676","2.79","2.67","199,295","4.32","8,619"
"1","Adams County","2024","543,760","7,008","3,624","3,384","4,475","2,371","4,639","539,121","194,562","2.77","2.65","203,379","4.34","8,817"
"3","Alamosa County","2001","15,231","249","113","136","-4","52","995","14,236","5,598","2.54","2.30","6,200","9.70","602"
"3","Alamosa County","2002","15,266","227","116","111","-76","92","995","14,271","5,636","2.53","2.28","6,246","9.80","610"
"3","Alamosa County","2003","15,360","220","131","89","5","48","995","14,365","5,697","2.52","2.28","6,299","9.60","602"
"3","Alamosa County","2004","15,406","271","101","170","-124","35","995","14,411","5,741","2.51","2.27","6,350","9.60","609"
"3","Alamosa County","2005","15,395","260","115","145","-156","53","995","14,400","5,757","2.50","2.25","6,392","9.90","635"
"3","Alamosa County","2006","15,350","227","93","134","-179","64","995","14,355","5,761","2.49","2.24","6,417","10.20","656"
"3","Alamosa County","2007","15,293","263","114","149","-206","48","995","14,298","5,763","2.48","2.21","6,462","10.80","699"
"3","Alamosa County","2008","15,346","258","109","149","-96","54","995","14,351","5,808","2.47","2.20","6,510","10.80","702"
"3","Alamosa County","2009","15,301","272","89","183","-228","56","995","14,306","5,814","2.46","2.19","6,536","11.10","722"
"3","Alamosa County","2010","15,474","250","127","123","50","38","740","14,734","6,007","2.45","2.25","6,561","8.44","554"
"3","Alamosa County","2011","15,528","234","131","103","-49","53","740","14,788","6,037","2.45","2.24","6,591","8.41","554"
"3","Alamosa County","2012","15,604","208","118","90","-14","60","740","14,864","6,075","2.45","2.24","6,636","8.45","561"
"3","Alamosa County","2013","15,709","223","146","77","28","70","740","14,969","6,126","2.44","2.23","6,700","8.57","574"
"3","Alamosa County","2014","15,788","240","126","114","-35","52","865","14,923","6,115","2.44","2.21","6,747","9.37","632"
"3","Alamosa County","2015","15,885","215","128","87","10","26","865","15,020","6,163","2.44","2.21","6,807","9.46","644"
"3","Alamosa County","2016","15,936","200","141","59","-8","75","865","15,071","6,192","2.43","2.20","6,835","9.41","643"
"3","Alamosa County","2017","16,053","197","157","40","77","69","865","15,188","6,247","2.43","2.20","6,908","9.57","661"
"3","Alamosa County","2018","16,184","200","138","62","69","44","865","15,319","6,310","2.43","2.19","6,990","9.73","680"
"3","Alamosa County","2019","16,247","192","144","48","15","52","865","15,382","6,343","2.43","2.19","7,026","9.72","683"
"3","Alamosa County","2020","16,373","187","159","28","98","62","960","15,413","6,390","2.41","2.18","7,082","9.77","692"
"3","Alamosa County","2021","16,577","188","162","26","178","109","984","15,593","6,441","2.42","2.18","7,140","9.79","699"
"3","Alamosa County","2022","16,593","197","207","-10","26","102","966","15,627","6,499","2.40","2.17","7,204","9.79","705"
"3","Alamosa County","2023","16,650","182","170","12","45","67","959","15,691","6,567","2.39","2.16","7,279","9.78","712"
"3","Alamosa County","2024","16,632","173","169","4","-22","51","977","15,655","6,644","2.36","2.13","7,365","9.79","721"
"5","Arapahoe County","2001","501,671","7,526","2,909","4,617","6,332","6,900","5,193","496,478","196,308","2.53","2.45","202,264","2.90","5,956"
"5","Arapahoe County","2002","510,503","7,553","2,932","4,621","4,211","7,017","5,406","505,097","199,890","2.53","2.42","208,601","4.20","8,711"
"5","Arapahoe County","2003","516,354","8,031","2,914","5,117","734","3,915","5,621","510,733","202,072","2.53","2.39","213,840","5.50","11,768"
"5","Arapahoe County","2004","523,715","8,013","2,884","5,129","2,232","2,727","5,851","517,864","204,867","2.53","2.38","217,147","5.70","12,280"
"5","Arapahoe County","2005","528,214","8,088","3,014","5,074","-575","3,070","5,643","522,571","206,663","2.53","2.35","221,982","6.90","15,319"
"5","Arapahoe County","2006","536,051","8,036","2,934","5,102","2,735","3,162","5,433","530,618","209,780","2.53","2.35","226,156","7.20","16,376"
"5","Arapahoe County","2007","545,882","8,233","3,118","5,115","4,716","2,711","5,917","539,965","213,407","2.53","2.34","230,285","7.30","16,878"
"5","Arapahoe County","2008","556,246","8,292","3,207","5,085","5,279","3,023","5,773","550,473","217,507","2.53","2.36","233,100","6.70","15,593"
"5","Arapahoe County","2009","566,480","8,124","3,182","4,942","5,292","1,445","5,605","560,875","220,854","2.54","2.37","236,200","6.50","15,346"
"5","Arapahoe County","2010","574,819","7,981","3,295","4,686","3,653","1,279","4,920","569,899","225,108","2.53","2.38","239,171","5.88","14,063"
"5","Arapahoe County","2011","585,817","7,707","3,422","4,285","6,713","806","4,910","580,907","228,868","2.54","2.41","240,616","4.88","11,748"
"5","Arapahoe County","2012","596,228","7,747","3,382","4,365","6,046","1,717","4,988","591,240","232,344","2.54","2.45","241,137","3.65","8,793"
"5","Arapahoe County","2013","607,861","7,821","3,555","4,266","7,367","3,060","4,884","602,977","236,352","2.55","2.49","242,604","2.58","6,252"
"5","Arapahoe County","2014","618,310","7,906","3,487","4,419","6,030","1,897","4,975","613,335","239,801","2.56","2.50","245,659","2.38","5,858"
"5","Arapahoe County","2015","629,965","8,130","3,750","4,380","7,275","2,830","4,885","625,080","243,773","2.56","2.52","247,801","1.63","4,028"
"5","Arapahoe County","2016","637,656","8,094","3,925","4,169","3,522","4,660","4,949","632,707","246,123","2.57","2.53","249,881","1.50","3,758"
"5","Arapahoe County","2017","642,976","7,855","3,957","3,898","1,422","2,746","5,061","637,915","247,523","2.58","2.51","254,352","2.68","6,829"
"5","Arapahoe County","2018","650,167","7,687","3,973","3,714","3,477","3,592","5,174","644,993","249,640","2.58","2.51","257,003","2.86","7,363"
"5","Arapahoe County","2019","653,807","7,548","3,974","3,574","66","3,532","5,287","648,520","250,374","2.59","2.49","259,939","3.68","9,565"
"5","Arapahoe County","2020","655,288","7,580","4,616","2,964","-1,483","4,116","5,387","649,901","251,153","2.59","2.47","263,492","4.68","12,339"
"5","Arapahoe County","2021","656,858","7,551","4,737","2,814","-1,244","5,519","5,247","651,611","253,611","2.57","2.45","266,078","4.68","12,467"
"5","Arapahoe County","2022","658,069","7,620","5,088","2,532","-1,321","4,325","5,365","652,704","256,611","2.54","2.42","269,231","4.68","12,620"
"5","Arapahoe County","2023","661,564","7,619","4,828","2,791","704","5,479","5,429","656,135","258,983","2.53","2.41","271,717","4.68","12,734"
"5","Arapahoe County","2024","666,557","7,652","4,779","2,873","2,120","3,856","5,510","661,047","261,424","2.53","2.41","274,271","4.68","12,847"
"7","Archuleta County","2001","10,465","112","60","52","370","350","84","10,381","4,252","2.44","1.56","6,667","36.20","2,415"
"7","Archuleta County","2002","10,700","126","58","68","167","284","84","10,616","4,384","2.42","1.52","6,967","37.10","2,583"
"7","Archuleta County","2003","10,964","118","57","61","203","365","84","10,880","4,529","2.40","1.48","7,350","38.40","2,821"
"7","Archuleta County","2004","11,171","129","64","65","142","213","84","11,087","4,654","2.38","1.46","7,582","38.60","2,928"
"7","Archuleta County","2005","11,402","109","62","47","184","234","84","11,318","4,790","2.36","1.44","7,836","38.90","3,046"
"7","Archuleta County","2006","11,798","105","62","43","353","247","84","11,714","4,999","2.34","1.45","8,104","38.30","3,105"
"7","Archuleta County","2007","12,108","150","78","72","238","302","84","12,024","5,173","2.32","1.43","8,428","38.60","3,255"
"7","Archuleta County","2008","12,074","130","76","54","-88","202","84","11,990","5,204","2.30","1.39","8,652","39.90","3,448"
"7","Archuleta County","2009","11,899","111","94","17","-192","147","84","11,815","5,171","2.28","1.36","8,714","40.70","3,543"
"7","Archuleta County","2010","12,060","108","63","45","116","37","129","11,931","5,257","2.27","1.36","8,762","40.00","3,505"
"7","Archuleta County","2011","11,955","137","82","55","-160","36","125","11,830","5,208","2.27","1.35","8,781","40.69","3,573"
"7","Archuleta County","2012","11,990","116","72","44","-9","53","121","11,869","5,220","2.27","1.35","8,807","40.73","3,587"
"7","Archuleta County","2013","11,995","106","92","14","-9","61","117","11,878","5,219","2.28","1.34","8,840","40.96","3,621"
"7","Archuleta County","2014","11,931","109","94","15","-79","75","113","11,818","5,187","2.28","1.33","8,899","41.71","3,712"
"7","Archuleta County","2015","12,009","118","101","17","61","113","109","11,900","5,218","2.28","1.33","8,952","41.71","3,734"
"7","Archuleta County","2016","12,362","117","91","26","327","131","105","12,257","5,370","2.28","1.36","9,033","40.55","3,663"
"7","Archuleta County","2017","12,758","136","107","29","367","173","101","12,657","5,540","2.28","1.39","9,137","39.37","3,597"
"7","Archuleta County","2018","13,034","118","105","13","263","162","97","12,937","5,657","2.29","1.39","9,277","39.02","3,620"
"7","Archuleta County","2019","13,194","106","104","2","158","168","93","13,101","5,723","2.29","1.39","9,411","39.19","3,688"
"7","Archuleta County","2020","13,429","102","110","-8","243","153","98","13,331","5,811","2.29","1.40","9,526","39.00","3,715"
"7","Archuleta County","2021","13,815","118","122","-4","390","193","92","13,723","5,901","2.33","1.42","9,674","39.00","3,773"
"7","Archuleta County","2022","13,993","104","152","-48","226","164","88","13,905","6,017","2.31","1.41","9,862","38.99","3,845"
"7","Archuleta County","2023","14,182","98","150","-52","241","128","92","14,090","6,117","2.30","1.41","10,023","38.97","3,906"
"7","Archuleta County","2024","14,137","94","139","-45","","141","93","14,044","6,195","2.27","1.38","10,150","38.97","3,955"
"9","Baca County","2001","4,447","41","67","-26","-26","7","85","4,362","1,888","2.31","1.85","2,352","19.70","464"
"9","Baca County","2002","4,315","40","64","-24","-108","7","85","4,230","1,841","2.30","1.81","2,342","21.40","501"
"9","Baca County","2003","4,258","35","62","-27","-30","7","85","4,173","1,827","2.28","1.79","2,333","21.70","506"
"9","Baca County","2004","4,166","26","53","-27","-65","10","85","4,081","1,795","2.27","1.75","2,327","22.90","532"
"9","Baca County","2005","4,098","38","56","-18","-50","9","85","4,013","1,780","2.25","1.73","2,317","23.20","537"
"9","Baca County","2006","4,088","37","62","-25","15","1","85","4,003","1,784","2.24","1.74","2,301","22.50","517"
"9","Baca County","2007","3,993","44","70","-26","-69","0","85","3,908","1,752","2.23","1.71","2,287","23.40","535"
"9","Baca County","2008","3,906","45","62","-17","-70","1","85","3,821","1,721","2.22","1.68","2,273","24.30","552"
"9","Baca County","2009","3,814","38","69","-31","-61","0","85","3,729","1,689","2.21","1.65","2,257","25.20","568"
"9","Baca County","2010","3,795","39","52","-13","-6","2","82","3,713","1,475","2.52","1.89","1,964","24.90","489"
"9","Baca County","2011","3,767","41","73","-32","4","2","78","3,689","1,661","2.22","1.88","1,966","15.54","305"
"9","Baca County","2012","3,704","53","72","-19","-44","0","73","3,631","1,634","2.22","1.85","1,968","16.97","334"
"9","Baca County","2013","3,637","48","54","-6","-61","0","69","3,568","1,634","2.18","1.81","1,968","16.97","334"
"9","Baca County","2014","3,564","37","49","-12","-61","0","64","3,500","1,634","2.14","1.78","1,968","16.97","334"
"9","Baca County","2015","3,530","32","56","-24","-10","0","60","3,470","1,634","2.12","1.76","1,968","16.97","334"
"9","Baca County","2016","3,505","38","63","-25","0","1","55","3,450","1,634","2.11","1.75","1,968","16.97","334"
"9","Baca County","2017","3,523","39","45","-6","24","0","51","3,472","1,621","2.14","1.76","1,969","17.68","348"
"9","Baca County","2018","3,550","35","61","-26","53","0","46","3,504","1,621","2.16","1.78","1,969","17.68","348"
"9","Baca County","2019","3,565","47","51","-4","19","4","42","3,523","1,621","2.17","1.79","1,969","17.68","348"
"9","Baca County","2020","3,478","40","68","-28","-59","2","54","3,424","1,579","2.17","1.74","1,972","19.93","393"
"9","Baca County","2021","3,490","35","69","-34","46","3","48","3,442","1,583","2.17","1.74","1,977","19.93","394"
"9","Baca County","2022","3,434","34","79","-45","-11","26","48","3,386","1,585","2.14","1.71","1,980","19.95","395"
"9","Baca County","2023","3,389","40","50","-10","-35","3","42","3,347","1,590","2.11","1.69","1,985","19.90","395"
"9","Baca County","2024","3,398","30","61","-31","40","","42","3,356","1,609","2.09","1.67","2,008","19.87","399"
"11","Bent County","2001","5,882","69","64","5","-90","17","878","5,004","1,995","2.51","2.12","2,362","15.50","367"
"11","Bent County","2002","6,203","66","78","-12","333","12","1,067","5,136","2,063","2.49","2.18","2,353","12.30","290"
"11","Bent County","2003","6,653","62","66","-4","454","11","1,408","5,245","2,123","2.47","2.24","2,343","9.40","220"
"11","Bent County","2004","6,357","63","64","-1","-295","0","1,505","4,852","1,979","2.45","2.09","2,323","14.80","344"
"11","Bent County","2005","6,261","63","49","14","-110","10","1,565","4,696","1,931","2.43","2.03","2,312","16.50","381"
"11","Bent County","2006","6,076","60","72","-12","-173","9","1,553","4,523","1,874","2.41","1.97","2,300","18.50","426"
"11","Bent County","2007","5,773","68","56","12","-315","4","1,525","4,248","1,773","2.40","1.86","2,285","22.40","512"
"11","Bent County","2008","6,008","64","73","-9","244","7","1,760","4,248","1,789","2.37","1.87","2,271","21.20","482"
"11","Bent County","2009","6,481","63","69","-6","479","5","2,216","4,265","1,810","2.36","1.89","2,255","19.70","445"
"11","Bent County","2010","6,506","54","58","-4","29","0","2,208","4,298","1,728","2.49","2.04","2,111","18.14","383"
"11","Bent County","2011","6,355","44","60","-16","-135","1","2,114","4,241","1,816","2.34","2.00","2,116","14.19","300"
"11","Bent County","2012","5,864","55","60","-5","-486","1","1,686","4,178","1,794","2.33","1.97","2,118","15.31","324"
"11","Bent County","2013","5,800","38","62","-24","-40","0","1,715","4,085","1,759","2.32","1.93","2,122","17.12","363"
"11","Bent County","2014","5,851","32","49","-17","68","0","1,869","3,982","1,719","2.32","1.87","2,124","19.05","405"
"11","Bent County","2015","5,966","42","55","-13","128","2","1,907","4,059","1,758","2.31","1.91","2,124","17.25","366"
"11","Bent County","2016","5,753","34","61","-27","-186","3","1,735","4,018","1,745","2.30","1.89","2,128","18.01","383"
"11","Bent County","2017","5,968","42","72","-30","245","3","1,934","4,034","1,757","2.30","1.89","2,130","17.53","373"
"11","Bent County","2018","5,984","30","83","-53","69","3","1,932","4,052","1,770","2.29","1.90","2,133","17.04","363"
"11","Bent County","2019","5,980","45","64","-19","15","1","1,934","4,046","1,772","2.28","1.90","2,135","17.00","363"
"11","Bent County","2020","5,479","43","71","-28","-473","5","1,406","4,073","1,805","2.26","1.91","2,136","15.50","331"
"11","Bent County","2021","5,343","36","79","-43","-93","8","1,168","4,175","1,810","2.31","1.95","2,142","15.50","332"
"11","Bent County","2022","5,425","41","86","-45","127","29","1,295","4,130","1,835","2.25","1.90","2,172","15.52","337"
"11","Bent County","2023","5,700","46","71","-25","300","3","1,494","4,206","1,849","2.27","1.92","2,189","15.53","340"
"11","Bent County","2024","5,744","40","75","-35","79","","1,587","4,157","1,852","2.24","1.90","2,192","15.51","340"
"13","Boulder County","2001","283,510","3,833","1,444","2,389","4,866","2,483","8,794","274,716","112,448","2.44","2.36","116,588","3.60","4,140"
"13","Boulder County","2002","284,433","3,829","1,403","2,426","-1,503","2,230","8,906","275,527","112,904","2.44","2.33","118,445","4.70","5,541"
"13","Boulder County","2003","282,763","3,636","1,474","2,162","-3,832","1,775","8,883","273,880","112,395","2.44","2.28","120,272","6.60","7,877"
"13","Boulder County","2004","283,288","3,571","1,434","2,137","-1,612","1,606","8,600","274,688","112,905","2.43","2.26","121,715","7.20","8,810"
"13","Boulder County","2005","282,910","3,510","1,378","2,132","-2,510","1,771","8,562","274,348","112,978","2.43","2.23","123,133","8.30","10,155"
"13","Boulder County","2006","286,133","3,511","1,471","2,040","1,183","1,427","9,931","276,202","113,945","2.42","2.22","124,311","8.30","10,366"
"13","Boulder County","2007","288,757","3,390","1,481","1,909","715","953","9,809","278,948","115,320","2.42","2.23","125,261","7.90","9,941"
"13","Boulder County","2008","291,827","3,353","1,524","1,829","1,241","701","9,935","281,892","116,788","2.41","2.24","125,999","7.30","9,211"
"13","Boulder County","2009","293,641","3,187","1,512","1,675","139","1,044","9,879","283,762","117,841","2.41","2.24","126,756","7.00","8,915"
"13","Boulder County","2010","295,605","3,141","1,544","1,597","367","657","9,396","286,209","119,568","2.39","2.25","127,213","6.01","7,645"
"13","Boulder County","2011","300,526","2,995","1,510","1,485","3,436","661","10,143","290,383","121,382","2.39","2.27","127,865","5.07","6,483"
"13","Boulder County","2012","305,881","2,954","1,571","1,383","3,972","1,295","10,885","294,996","123,381","2.39","2.30","128,405","3.91","5,024"
"13","Boulder County","2013","310,896","2,963","1,666","1,297","3,718","1,625","11,596","299,300","125,254","2.39","2.31","129,616","3.37","4,362"
"13","Boulder County","2014","314,213","2,939","1,709","1,230","2,087","1,371","12,306","301,907","126,418","2.39","2.30","131,002","3.50","4,584"
"13","Boulder County","2015","320,352","2,857","1,784","1,073","5,066","1,249","13,105","307,247","128,728","2.39","2.33","132,127","2.57","3,399"
"13","Boulder County","2016","323,957","2,841","1,813","1,028","2,577","1,849","13,459","310,498","130,165","2.39","2.33","133,334","2.38","3,169"
"13","Boulder County","2017","325,414","2,628","1,790","838","619","1,667","13,946","311,468","130,647","2.38","2.31","135,024","3.24","4,377"
"13","Boulder County","2018","328,055","2,580","1,832","748","1,893","2,954","14,412","313,643","131,636","2.38","2.30","136,410","3.50","4,774"
"13","Boulder County","2019","328,827","2,525","1,998","527","245","1,650","14,797","314,030","131,875","2.38","2.25","139,591","5.53","7,716"
"13","Boulder County","2020","330,951","2,507","2,040","467","1,657","1,634","15,290","315,661","133,467","2.37","2.23","141,817","5.89","8,350"
"13","Boulder County","2021","327,135","2,472","2,129","343","-4,159","1,237","11,954","315,181","135,346","2.33","2.19","143,782","5.87","8,436"
"13","Boulder County","2022","328,029","2,430","2,201","229","665","1,642","14,455","313,574","135,561","2.31","2.18","143,995","5.86","8,434"
"13","Boulder County","2023","328,337","2,398","2,148","250","58","1,642","15,175","313,162","136,837","2.29","2.15","145,327","5.84","8,490"
"13","Boulder County","2024","329,996","2,304","2,178","126","1,533","1,680","15,593","314,403","139,314","2.26","2.13","147,925","5.82","8,611"
"14","Broomfield County","2001","41,387","0","0","0","2,843","446","7","41,380","15,071","2.75","2.75","15,056","-0.10","-15"
"14","Broomfield County","2002","42,432","421","116","305","740","1,070","7","42,425","15,548","2.73","2.67","15,881","2.10","333"
"14","Broomfield County","2003","44,960","689","190","499","2,029","856","7","44,953","16,578","2.71","2.68","16,800","1.30","222"
"14","Broomfield County","2004","46,406","604","208","396","1,050","621","7","46,399","17,219","2.69","2.64","17,548","1.90","329"
"14","Broomfield County","2005","48,251","649","193","456","1,389","715","7","48,244","18,018","2.68","2.57","18,778","4.10","760"
"14","Broomfield County","2006","51,152","676","228","448","2,453","742","7","51,145","19,223","2.66","2.59","19,729","2.60","506"
"14","Broomfield County","2007","53,328","722","231","491","1,685","1,027","7","53,321","20,170","2.64","2.57","20,727","2.70","557"
"14","Broomfield County","2008","54,400","723","230","493","579","1,006","7","54,393","20,709","2.63","2.53","21,472","3.60","763"
"14","Broomfield County","2009","55,378","693","244","449","529","794","7","55,371","21,219","2.61","2.48","22,327","5.00","1,108"
"14","Broomfield County","2010","56,107","690","271","419","310","232","282","55,825","21,498","2.60","2.46","22,685","5.23","1,187"
"14","Broomfield County","2011","57,584","682","316","366","1,111","229","277","57,307","22,168","2.59","2.49","23,056","3.85","888"
"14","Broomfield County","2012","59,271","673","318","355","1,332","2,010","270","59,001","22,927","2.57","2.52","23,426","2.13","499"
"14","Broomfield County","2013","60,669","684","323","361","1,037","896","265","60,404","23,579","2.56","2.36","25,541","7.68","1,962"
"14","Broomfield County","2014","62,504","699","347","352","1,483","820","259","62,245","24,409","2.55","2.34","26,564","8.11","2,155"
"14","Broomfield County","2015","65,831","671","358","313","3,014","447","254","65,577","25,834","2.54","2.36","27,750","6.90","1,916"
"14","Broomfield County","2016","67,707","735","377","358","1,518","546","248","67,459","26,698","2.53","2.36","28,585","6.60","1,887"
"14","Broomfield County","2017","69,655","673","352","321","1,627","416","242","69,413","27,598","2.52","2.35","29,498","6.44","1,900"
"14","Broomfield County","2018","71,322","634","373","261","1,406","785","599","70,723","28,250","2.50","2.35","30,060","6.02","1,810"
"14","Broomfield County","2019","72,669","685","435","250","1,097","343","230","72,439","29,071","2.49","2.34","30,982","6.17","1,911"
"14","Broomfield County","2020","74,502","642","432","210","1,623","427","481","74,021","29,872","2.48","2.35","31,498","5.16","1,626"
"14","Broomfield County","2021","75,433","645","444","201","730","501","431","75,002","30,268","2.48","2.35","31,916","5.16","1,648"
"14","Broomfield County","2022","76,269","635","492","143","693","538","451","75,818","31,234","2.43","2.30","32,935","5.16","1,701"
"14","Broomfield County","2023","77,133","673","467","206","658","1,277","466","76,667","31,816","2.41","2.29","33,548","5.16","1,732"
"14","Broomfield County","2024","78,453","676","513","163","1,157","405","470","77,983","32,795","2.38","2.26","34,581","5.16","1,786"
"15","Chaffee County","2001","16,410","157","146","11","87","224","1,337","15,073","6,707","2.25","1.74","8,660","22.60","1,953"
"15","Chaffee County","2002","16,646","139","162","-23","259","213","1,333","15,313","6,844","2.24","1.73","8,840","22.60","1,996"
"15","Chaffee County","2003","16,794","137","137","0","148","241","1,360","15,434","6,928","2.23","1.70","9,060","23.50","2,132"
"15","Chaffee County","2004","16,946","147","147","0","152","196","1,332","15,614","7,041","2.22","1.69","9,243","23.80","2,202"
"15","Chaffee County","2005","17,022","151","140","11","65","164","1,338","15,684","7,109","2.21","1.67","9,419","24.50","2,310"
"15","Chaffee County","2006","16,984","142","162","-20","-18","151","1,336","15,648","7,127","2.20","1.64","9,549","25.40","2,422"
"15","Chaffee County","2007","17,238","132","153","-21","275","154","1,408","15,830","7,247","2.18","1.63","9,725","25.50","2,478"
"15","Chaffee County","2008","17,403","130","169","-39","204","209","1,337","16,066","7,391","2.17","1.62","9,943","25.70","2,552"
"15","Chaffee County","2009","17,604","156","143","13","188","130","1,366","16,238","7,507","2.16","1.63","9,988","24.80","2,481"
"15","Chaffee County","2010","17,797","138","157","-19","212","101","1,436","16,361","7,595","2.15","1.63","10,030","24.28","2,435"
"15","Chaffee County","2011","17,932","147","157","-10","145","69","1,483","16,449","7,634","2.15","1.64","10,058","24.10","2,424"
"15","Chaffee County","2012","17,967","152","157","-5","40","93","1,470","16,497","7,654","2.16","1.64","10,056","23.89","2,402"
"15","Chaffee County","2013","18,036","110","179","-69","138","104","1,316","16,720","7,756","2.16","1.66","10,085","23.09","2,329"
"15","Chaffee County","2014","18,066","143","168","-25","55","105","1,452","16,614","7,705","2.16","1.64","10,114","23.82","2,409"
"15","Chaffee County","2015","18,108","138","203","-65","107","121","1,395","16,713","7,749","2.16","1.64","10,183","23.90","2,434"
"15","Chaffee County","2016","18,519","134","184","-50","461","126","1,443","17,076","7,915","2.16","1.66","10,286","23.05","2,371"
"15","Chaffee County","2017","18,967","130","177","-47","495","154","1,421","17,546","8,131","2.16","1.67","10,484","22.44","2,353"
"15","Chaffee County","2018","19,250","144","173","-29","312","162","1,421","17,829","8,260","2.16","1.67","10,673","22.61","2,413"
"15","Chaffee County","2019","19,390","127","185","-58","198","164","1,401","17,989","8,332","2.16","1.66","10,806","22.89","2,474"
"15","Chaffee County","2020","19,485","135","209","-74","169","186","1,231","18,254","8,467","2.16","1.66","10,992","22.97","2,525"
"15","Chaffee County","2021","19,737","148","173","-25","277","349","928","18,809","8,732","2.15","1.66","11,323","22.88","2,591"
"15","Chaffee County","2022","20,255","145","187","-42","560","277","1,190","19,065","9,136","2.09","1.61","11,824","22.73","2,688"
"15","Chaffee County","2023","20,602","169","212","-43","390","285","1,215","19,387","9,421","2.06","1.59","12,182","22.66","2,761"
"15","Chaffee County","2024","20,802","148","185","-37","237","289","1,097","19,705","9,639","2.04","1.58","12,464","22.67","2,825"
"17","Cheyenne County","2001","2,173","17","15","2","-45","3","30","2,143","865","2.48","1.97","1,090","20.60","225"
"17","Cheyenne County","2002","2,162","28","20","8","-19","4","30","2,132","869","2.45","1.98","1,078","19.40","209"
"17","Cheyenne County","2003","2,119","21","32","-11","-32","0","30","2,089","861","2.43","1.96","1,064","19.10","203"
"17","Cheyenne County","2004","2,070","17","28","-11","-38","1","30","2,040","847","2.41","1.94","1,050","19.30","203"
"17","Cheyenne County","2005","2,041","22","27","-5","-24","3","30","2,011","844","2.38","1.94","1,038","18.70","194"
"17","Cheyenne County","2006","1,977","21","21","0","-64","3","30","1,947","823","2.37","1.90","1,026","19.80","203"
"17","Cheyenne County","2007","1,910","26","14","12","-79","1","30","1,880","801","2.35","1.86","1,013","20.90","212"
"17","Cheyenne County","2008","1,898","24","19","5","-17","0","30","1,868","804","2.32","1.87","999","19.50","195"
"17","Cheyenne County","2009","1,833","22","34","-12","-53","0","30","1,803","785","2.30","1.83","985","20.30","200"
"17","Cheyenne County","2010","1,834","21","18","3","-2","1","42","1,792","702","2.55","2.06","868","19.12","166"
"17","Cheyenne County","2011","1,832","21","21","0","-2","0","42","1,790","784","2.28","2.06","869","9.76","85"
"17","Cheyenne County","2012","1,832","38","27","11","-11","1","42","1,790","783","2.29","2.06","869","9.89","86"
"17","Cheyenne County","2013","1,818","27","18","9","-22","0","42","1,776","776","2.29","2.02","878","11.64","102"
"17","Cheyenne County","2014","1,817","27","15","12","-14","1","42","1,775","774","2.29","2.02","879","11.94","105"
"17","Cheyenne County","2015","1,806","29","19","10","-21","6","42","1,764","768","2.30","1.99","886","13.30","118"
"17","Cheyenne County","2016","1,794","26","21","5","-17","3","42","1,752","762","2.30","1.96","894","14.80","132"
"17","Cheyenne County","2017","1,788","21","20","1","-7","3","42","1,746","758","2.30","1.94","898","15.60","140"
"17","Cheyenne County","2018","1,783","15","22","-7","2","6","42","1,741","755","2.31","1.93","901","16.23","146"
"17","Cheyenne County","2019","1,777","7","9","-2","-4","14","42","1,735","751","2.31","1.92","905","17.02","154"
"17","Cheyenne County","2020","1,745","17","17","","-32","6","22","1,723","749","2.30","1.85","930","19.46","181"
"17","Cheyenne County","2021","1,717","21","25","-4","-24","12","26","1,691","752","2.25","1.81","934","19.49","182"
"17","Cheyenne County","2022","1,733","15","29","-14","30","11","24","1,709","761","2.25","1.81","946","19.56","185"
"17","Cheyenne County","2023","1,741","12","28","-16","24","","18","1,723","770","2.24","1.80","957","19.54","187"
"17","Cheyenne County","2024","1,737","21","25","-4","","7","19","1,718","770","2.23","1.80","957","19.54","187"
"19","Clear Creek County","2001","9,464","118","38","80","23","56","42","9,422","4,122","2.29","1.80","5,245","21.40","1,123"
"19","Clear Creek County","2002","9,466","108","50","58","-56","63","42","9,424","4,151","2.27","1.77","5,313","21.90","1,162"
"19","Clear Creek County","2003","9,517","92","48","44","7","71","42","9,475","4,200","2.26","1.76","5,382","22.00","1,182"
"19","Clear Creek County","2004","9,461","102","44","58","-114","56","42","9,419","4,203","2.24","1.72","5,461","23.00","1,258"
"19","Clear Creek County","2005","9,392","99","60","39","-108","41","42","9,350","4,203","2.22","1.70","5,511","23.70","1,308"
"19","Clear Creek County","2006","9,279","121","42","79","-192","34","42","9,237","4,179","2.21","1.67","5,545","24.60","1,366"
"19","Clear Creek County","2007","9,333","82","57","25","29","33","42","9,291","4,233","2.19","1.66","5,596","24.40","1,363"
"19","Clear Creek County","2008","9,294","99","43","56","-95","22","42","9,252","4,243","2.18","1.64","5,638","24.70","1,395"
"19","Clear Creek County","2009","9,060","76","43","33","-267","15","42","9,018","4,165","2.17","1.59","5,664","26.50","1,499"
"19","Clear Creek County","2010","9,155","81","64","17","78","13","131","9,024","4,060","2.22","1.65","5,472","25.80","1,412"
"19","Clear Creek County","2011","9,027","69","58","11","-139","16","104","8,923","4,173","2.14","1.63","5,485","23.92","1,312"
"19","Clear Creek County","2012","9,016","63","46","17","-28","6","121","8,895","4,163","2.14","1.62","5,501","24.33","1,338"
"19","Clear Creek County","2013","8,966","70","59","11","-61","11","90","8,876","4,157","2.14","1.61","5,496","24.36","1,339"
"19","Clear Creek County","2014","9,034","80","62","18","50","11","85","8,949","4,194","2.13","1.62","5,535","24.22","1,341"
"19","Clear Creek County","2015","9,158","62","60","2","122","18","111","9,047","4,243","2.13","1.63","5,544","23.46","1,301"
"19","Clear Creek County","2016","9,237","74","60","14","65","12","113","9,124","4,283","2.13","1.64","5,560","22.98","1,277"
"19","Clear Creek County","2017","9,427","76","53","23","167","30","115","9,312","4,374","2.13","1.67","5,572","21.50","1,198"
"19","Clear Creek County","2018","9,385","80","69","11","-53","34","125","9,260","4,353","2.13","1.65","5,602","22.30","1,249"
"19","Clear Creek County","2019","9,415","77","71","6","24","67","115","9,300","4,374","2.13","1.65","5,634","22.36","1,260"
"19","Clear Creek County","2020","9,398","67","73","-6","-11","94","82","9,316","4,413","2.11","1.64","5,697","22.54","1,284"
"19","Clear Creek County","2021","9,461","70","65","5","58","97","82","9,379","4,424","2.12","1.64","5,712","22.55","1,288"
"19","Clear Creek County","2022","9,360","60","78","-18","-83","20","82","9,278","4,490","2.07","1.60","5,804","22.64","1,314"
"19","Clear Creek County","2023","9,164","68","64","4","-200","25","82","9,082","4,512","2.01","1.56","5,831","22.62","1,319"
"19","Clear Creek County","2024","9,125","61","66","-5","-34","19","82","9,043","4,531","2.00","1.54","5,857","22.64","1,326"
"21","Conejos County","2001","8,365","133","72","61","-104","0","53","8,312","2,990","2.78","2.14","3,886","23.10","896"
"21","Conejos County","2002","8,389","105","74","31","-7","0","53","8,336","3,015","2.76","2.14","3,887","22.40","872"
"21","Conejos County","2003","8,387","109","75","34","-36","198","53","8,334","3,032","2.75","2.04","4,084","25.80","1,052"
"21","Conejos County","2004","8,501","122","75","47","67","29","53","8,448","3,093","2.73","2.05","4,112","24.80","1,019"
"21","Conejos County","2005","8,500","123","72","51","-52","46","53","8,447","3,111","2.72","2.03","4,157","25.20","1,046"
"21","Conejos County","2006","8,470","116","64","52","-82","36","53","8,417","3,120","2.70","2.01","4,193","25.60","1,073"
"21","Conejos County","2007","8,433","127","74","53","-90","37","53","8,380","3,123","2.68","1.98","4,228","26.10","1,105"
"21","Conejos County","2008","8,384","123","77","46","-95","28","53","8,331","3,123","2.67","1.96","4,257","26.60","1,134"
"21","Conejos County","2009","8,210","113","79","34","-208","14","53","8,157","3,079","2.65","1.91","4,274","28.00","1,195"
"21","Conejos County","2010","8,282","137","73","64","8","17","36","8,246","2,785","2.96","2.16","3,810","26.90","1,025"
"21","Conejos County","2011","8,201","104","88","16","-97","13","39","8,163","3,106","2.63","2.13","3,828","18.86","722"
"21","Conejos County","2012","8,134","126","82","44","-111","13","41","8,093","3,089","2.62","2.11","3,842","19.60","753"
"21","Conejos County","2013","8,067","109","99","10","-77","15","44","8,023","3,072","2.61","2.08","3,856","20.34","784"
"21","Conejos County","2014","7,997","122","71","51","-121","13","47","7,950","3,053","2.60","2.05","3,871","21.12","818"
"21","Conejos County","2015","7,930","116","93","23","-90","21","50","7,881","3,036","2.60","2.03","3,885","21.85","849"
"21","Conejos County","2016","7,842","96","88","8","-96","20","52","7,790","3,011","2.59","1.99","3,906","22.92","895"
"21","Conejos County","2017","7,757","95","71","24","-109","24","55","7,702","2,986","2.58","1.96","3,926","23.94","940"
"21","Conejos County","2018","7,660","82","92","-10","-87","22","58","7,602","2,957","2.57","1.92","3,950","25.15","993"
"21","Conejos County","2019","7,550","103","92","11","-121","26","60","7,490","2,922","2.56","1.88","3,978","26.53","1,056"
"21","Conejos County","2020","7,455","88","100","-12","-83","36","59","7,396","2,903","2.55","1.85","4,008","27.57","1,105"
"21","Conejos County","2021","7,586","97","102","-5","136","45","51","7,535","2,940","2.56","1.86","4,061","27.60","1,121"
"21","Conejos County","2022","7,567","104","139","-35","16","40","48","7,519","2,980","2.52","1.83","4,118","27.63","1,138"
"21","Conejos County","2023","7,492","90","106","-16","-59","38","48","7,444","3,017","2.47","1.78","4,173","27.70","1,156"
"21","Conejos County","2024","7,525","94","84","10","23","18","64","7,461","3,044","2.45","1.77","4,211","27.71","1,167"
"23","Costilla County","2001","3,741","47","38","9","58","0","0","3,741","1,547","2.42","1.67","2,244","31.10","697"
"23","Costilla County","2002","3,734","47","33","14","-21","0","0","3,734","1,557","2.40","1.64","2,278","31.70","721"
"23","Costilla County","2003","3,800","48","46","2","64","0","0","3,800","1,594","2.38","1.65","2,300","30.70","706"
"23","Costilla County","2004","3,802","29","51","-22","24","0","0","3,802","1,605","2.37","1.63","2,330","31.10","725"
"23","Costilla County","2005","3,695","39","34","5","-112","25","0","3,695","1,570","2.35","1.56","2,373","33.80","803"
"23","Costilla County","2006","3,698","39","39","0","3","23","0","3,698","1,583","2.34","1.52","2,426","34.80","843"
"23","Costilla County","2007","3,676","29","32","-3","-19","19","0","3,676","1,585","2.32","1.49","2,473","35.90","888"
"23","Costilla County","2008","3,611","31","38","-7","-58","17","0","3,611","1,569","2.30","1.43","2,523","37.80","954"
"23","Costilla County","2009","3,505","33","29","4","-110","12","0","3,505","1,533","2.29","1.36","2,584","40.70","1,051"
"23","Costilla County","2010","3,532","27","28","-1","28","24","0","3,532","1,317","2.68","1.58","2,241","41.23","924"
"23","Costilla County","2011","3,518","37","32","5","-19","22","0","3,518","1,553","2.27","1.53","2,301","32.50","748"
"23","Costilla County","2012","3,517","29","41","-12","11","22","0","3,517","1,558","2.26","1.53","2,305","32.39","747"
"23","Costilla County","2013","3,516","29","43","-14","13","27","0","3,516","1,563","2.25","1.52","2,310","32.32","747"
"23","Costilla County","2014","3,516","28","42","-14","14","30","0","3,516","1,569","2.24","1.52","2,310","32.08","741"
"23","Costilla County","2015","3,516","29","34","-5","5","35","0","3,516","1,575","2.23","1.52","2,310","31.84","735"
"23","Costilla County","2016","3,516","30","47","-17","17","44","0","3,516","1,580","2.23","1.52","2,310","31.59","730"
"23","Costilla County","2017","3,516","40","36","4","-4","0","0","3,516","1,586","2.22","1.52","2,311","31.38","725"
"23","Costilla County","2018","3,515","31","43","-12","11","0","0","3,515","1,591","2.21","1.52","2,313","31.20","722"
"23","Costilla County","2019","3,500","27","44","-17","2","0","0","3,500","1,591","2.20","1.47","2,374","33.00","783"
"23","Costilla County","2020","3,503","28","38","-10","13","","12","3,491","1,606","2.17","1.43","2,442","34.23","836"
"23","Costilla County","2021","3,618","41","40","1","114","","12","3,606","1,606","2.25","1.48","2,442","34.23","836"
"23","Costilla County","2022","3,615","30","59","-29","26","","12","3,603","1,606","2.24","1.48","2,442","34.23","836"
"23","Costilla County","2023","3,632","37","55","-18","35","","12","3,620","1,606","2.25","1.48","2,442","34.23","836"
"23","Costilla County","2024","3,692","39","67","-28","88","145","12","3,680","1,606","2.29","1.51","2,442","34.23","836"
"25","Crowley County","2001","5,253","41","39","2","121","19","1,842","3,411","1,327","2.57","2.19","1,561","15.00","234"
"25","Crowley County","2002","5,344","42","49","-7","98","3","1,975","3,369","1,319","2.55","2.16","1,561","15.50","242"
"25","Crowley County","2003","5,156","43","49","-6","-182","2","1,850","3,306","1,305","2.53","2.12","1,560","16.40","255"
"25","Crowley County","2004","5,432","53","55","-2","278","1","2,125","3,307","1,316","2.51","2.12","1,558","15.50","242"
"25","Crowley County","2005","5,437","40","48","-8","13","4","2,240","3,197","1,281","2.50","2.05","1,560","17.90","279"
"25","Crowley County","2006","5,713","35","47","-12","288","5","2,580","3,133","1,264","2.48","2.01","1,561","19.00","297"
"25","Crowley County","2007","5,907","28","45","-17","211","0","2,865","3,042","1,238","2.46","1.95","1,559","20.60","321"
"25","Crowley County","2008","5,893","31","40","-9","-5","8","2,925","2,968","1,217","2.44","1.90","1,562","22.10","345"
"25","Crowley County","2009","5,803","44","47","-3","-87","0","2,938","2,865","1,184","2.42","1.84","1,561","24.20","377"
"25","Crowley County","2010","5,838","37","32","5","30","4","2,682","3,156","1,244","2.54","2.13","1,479","15.89","235"
"25","Crowley County","2011","5,837","34","36","-2","1","2","2,698","3,139","1,309","2.40","2.12","1,483","11.72","174"
"25","Crowley County","2012","5,839","40","47","-7","9","0","2,714","3,125","1,308","2.39","2.10","1,485","11.91","177"
"25","Crowley County","2013","5,843","41","39","2","2","2","2,730","3,112","1,308","2.38","2.10","1,485","11.91","177"
"25","Crowley County","2014","5,843","31","42","-11","11","7","2,746","3,097","1,307","2.37","2.08","1,488","12.18","181"
"25","Crowley County","2015","5,839","42","37","5","-9","5","2,762","3,077","1,304","2.36","2.06","1,495","12.81","191"
"25","Crowley County","2016","5,837","27","56","-29","27","4","2,779","3,059","1,301","2.35","2.04","1,500","13.25","199"
"25","Crowley County","2017","5,837","29","48","-19","19","3","2,795","3,042","1,299","2.34","2.02","1,504","13.61","205"
"25","Crowley County","2018","5,837","29","37","-8","8","1","2,811","3,027","1,298","2.33","2.01","1,507","13.87","209"
"25","Crowley County","2019","5,841","28","45","-17","21","2","2,827","3,014","1,297","2.32","2.00","1,508","13.96","211"
"25","Crowley County","2020","5,689","23","57","-34","-118","12","2,674","3,015","1,314","2.29","2.00","1,509","12.92","195"
"25","Crowley County","2021","5,736","30","66","-36","83","14","2,601","3,135","1,326","2.36","2.06","1,522","12.88","196"
"25","Crowley County","2022","5,605","24","81","-57","-74","45","2,504","3,101","1,338","2.32","2.02","1,536","12.89","198"
"25","Crowley County","2023","5,639","29","49","-20","54","1","2,586","3,053","1,377","2.22","1.93","1,580","12.85","203"
"25","Crowley County","2024","5,632","32","53","-21","14","4","2,506","3,126","1,405","2.22","1.94","1,611","12.79","206"
"27","Custer County","2001","3,730","30","15","15","195","139","16","3,714","1,595","2.33","1.21","3,079","48.20","1,484"
"27","Custer County","2002","3,783","31","27","4","49","115","16","3,767","1,633","2.31","1.19","3,157","48.30","1,524"
"27","Custer County","2003","3,934","25","28","-3","154","162","16","3,918","1,715","2.28","1.21","3,249","47.20","1,534"
"27","Custer County","2004","3,984","36","21","15","35","126","16","3,968","1,755","2.26","1.20","3,313","47.00","1,558"
"27","Custer County","2005","4,045","24","30","-6","67","106","16","4,029","1,800","2.24","1.17","3,442","47.70","1,642"
"27","Custer County","2006","4,017","15","33","-18","-10","100","16","4,001","1,806","2.22","1.12","3,573","49.50","1,767"
"27","Custer County","2007","4,130","23","26","-3","116","85","16","4,114","1,873","2.20","1.11","3,696","49.30","1,823"
"27","Custer County","2008","4,119","26","26","0","-11","69","16","4,103","1,888","2.17","1.08","3,797","50.30","1,909"
"27","Custer County","2009","4,166","24","39","-15","62","51","16","4,150","1,931","2.15","1.07","3,888","50.30","1,957"
"27","Custer County","2010","4,272","25","37","-12","118","67","15","4,257","1,816","2.34","1.18","3,593","49.46","1,777"
"27","Custer County","2011","4,318","22","29","-7","53","66","15","4,304","2,020","2.13","1.18","3,656","44.74","1,636"
"27","Custer County","2012","4,367","26","36","-10","59","54","14","4,353","2,045","2.13","1.17","3,722","45.06","1,677"
"27","Custer County","2013","4,405","21","36","-15","53","47","14","4,391","2,065","2.13","1.16","3,775","45.31","1,710"
"27","Custer County","2014","4,437","22","34","-12","44","43","13","4,424","2,082","2.12","1.16","3,821","45.52","1,739"
"27","Custer County","2015","4,467","26","35","-9","39","43","13","4,454","2,097","2.12","1.15","3,863","45.71","1,766"
"27","Custer County","2016","4,496","18","53","-35","64","57","13","4,483","2,113","2.12","1.15","3,905","45.89","1,792"
"27","Custer County","2017","4,539","37","44","-7","50","74","12","4,526","2,135","2.12","1.14","3,964","46.14","1,829"
"27","Custer County","2018","4,591","32","48","-16","68","77","12","4,580","2,162","2.12","1.13","4,036","46.44","1,874"
"27","Custer County","2019","4,645","22","28","-6","60","88","11","4,634","2,189","2.12","1.13","4,110","46.73","1,921"
"27","Custer County","2020","4,721","39","48","-9","85","118","3","4,718","2,229","2.12","1.12","4,195","46.87","1,966"
"27","Custer County","2021","5,062","41","59","-18","359","146","3","5,059","2,297","2.20","1.17","4,322","46.85","2,025"
"27","Custer County","2022","5,339","44","66","-22","299","132","3","5,336","2,372","2.25","1.19","4,467","46.90","2,095"
"27","Custer County","2023","5,551","45","53","-8","220","106","3","5,548","2,441","2.27","1.21","4,598","46.91","2,157"
"27","Custer County","2024","5,558","53","54","-1","8","117","3","5,555","2,495","2.23","1.18","4,702","46.94","2,207"
"29","Delta County","2001","28,387","316","314","2","476","91","929","27,458","11,312","2.43","2.16","12,685","10.80","1,373"
"29","Delta County","2002","28,778","317","339","-22","413","27","923","27,855","11,500","2.42","2.15","12,926","11.00","1,426"
"29","Delta County","2003","29,061","344","329","15","268","41","890","28,171","11,657","2.42","2.14","13,175","11.50","1,518"
"29","Delta County","2004","29,453","330","299","31","361","73","923","28,530","11,833","2.41","2.12","13,453","12.00","1,620"
"29","Delta County","2005","29,412","336","336","0","-41","92","934","28,478","11,838","2.41","2.07","13,733","13.80","1,895"
"29","Delta County","2006","29,702","346","303","43","247","113","935","28,767","11,984","2.40","2.05","14,040","14.60","2,056"
"29","Delta County","2007","29,877","353","323","30","145","143","909","28,968","12,095","2.40","2.03","14,265","15.20","2,170"
"29","Delta County","2008","30,342","369","351","18","447","110","914","29,428","12,310","2.39","2.04","14,439","14.70","2,129"
"29","Delta County","2009","30,625","329","358","-29","312","91","935","29,690","12,451","2.38","2.05","14,516","14.20","2,065"
"29","Delta County","2010","30,889","341","339","2","262","10","713","30,176","12,679","2.38","2.07","14,575","13.01","1,896"
"29","Delta County","2011","30,433","344","356","-12","-444","50","696","29,737","12,523","2.37","2.04","14,577","14.09","2,054"
"29","Delta County","2012","30,554","337","316","21","100","10","755","29,799","12,577","2.37","2.04","14,616","13.95","2,039"
"29","Delta County","2013","30,428","320","317","3","-129","13","593","29,835","12,620","2.36","2.04","14,616","13.66","1,996"
"29","Delta County","2014","30,066","292","362","-70","-292","47","747","29,319","12,430","2.36","2.00","14,623","15.00","2,193"
"29","Delta County","2015","30,039","271","379","-108","81","7","772","29,267","12,436","2.35","1.99","14,673","15.25","2,237"
"29","Delta County","2016","30,489","281","358","-77","527","15","804","29,685","12,642","2.35","2.03","14,658","13.75","2,016"
"29","Delta County","2017","30,703","281","382","-101","315","46","845","29,858","12,745","2.34","2.04","14,660","13.06","1,915"
"29","Delta County","2018","31,033","280","438","-158","488","48","851","30,182","12,913","2.34","2.05","14,694","12.12","1,781"
"29","Delta County","2019","31,238","269","407","-138","343","66","877","30,361","13,018","2.33","2.06","14,728","11.61","1,710"
"29","Delta County","2020","31,058","277","416","-139","-41","73","566","30,492","13,093","2.33","2.06","14,799","11.53","1,706"
"29","Delta County","2021","31,390","300","491","-191","523","223","470","30,920","13,144","2.35","2.08","14,854","11.51","1,710"
"29","Delta County","2022","31,576","261","503","-242","428","60","495","31,081","13,235","2.35","2.08","14,953","11.49","1,718"
"29","Delta County","2023","31,783","264","446","-182","389","53","248","31,535","13,278","2.37","2.10","15,001","11.49","1,723"
"29","Delta County","2024","32,295","277","397","-120","632","115","546","31,749","13,322","2.38","2.11","15,047","11.46","1,725"
"31","Denver County","2001","563,300","10,297","4,310","5,987","575","3,546","12,922","550,378","243,645","2.26","2.15","256,223","4.90","12,578"
"31","Denver County","2002","559,090","10,278","4,444","5,834","-10,044","4,338","12,986","546,104","242,226","2.25","2.09","260,857","7.10","18,631"
"31","Denver County","2003","560,348","10,404","4,234","6,170","-4,912","4,491","13,123","547,225","243,200","2.25","2.06","265,654","8.50","22,454"
"31","Denver County","2004","560,230","10,269","4,318","5,951","-6,069","2,958","13,353","546,877","243,523","2.25","2.03","268,921","9.40","25,398"
"31","Denver County","2005","559,459","10,436","4,278","6,158","-6,929","3,993","13,355","546,104","243,658","2.24","2.00","273,126","10.80","29,468"
"31","Denver County","2006","562,862","10,134","4,194","5,940","-2,537","3,047","13,367","549,495","245,655","2.24","1.99","276,569","11.20","30,914"
"31","Denver County","2007","570,437","10,084","4,134","5,950","1,625","3,655","13,245","557,192","249,588","2.23","1.99","280,158","10.90","30,570"
"31","Denver County","2008","581,903","10,169","4,183","5,986","5,480","3,494","13,223","568,680","255,239","2.23","2.02","281,076","9.20","25,837"
"31","Denver County","2009","595,573","10,184","4,134","6,050","7,620","3,053","13,308","582,265","261,855","2.22","2.05","283,636","7.70","21,781"
"31","Denver County","2010","604,879","9,716","4,229","5,487","3,819","1,232","15,981","588,898","265,233","2.22","2.05","287,392","7.71","22,159"
"31","Denver County","2011","620,229","9,634","4,184","5,450","9,900","2,685","16,205","604,024","272,237","2.22","2.09","288,388","5.60","16,151"
"31","Denver County","2012","632,924","9,189","4,170","5,019","7,676","5,578","16,184","616,740","278,164","2.22","2.12","290,342","4.19","12,178"
"31","Denver County","2013","645,302","9,261","4,216","5,045","7,333","5,870","16,078","629,224","283,994","2.22","2.13","295,120","3.77","11,126"
"31","Denver County","2014","658,632","9,327","4,233","5,094","8,236","5,958","16,158","642,474","290,179","2.21","2.14","300,889","3.56","10,710"
"31","Denver County","2015","675,534","9,365","4,323","5,042","11,860","7,901","16,442","659,092","297,895","2.21","2.15","306,476","2.80","8,581"
"31","Denver County","2016","686,468","9,417","4,467","4,950","5,984","7,842","16,385","670,083","303,076","2.21","2.13","314,369","3.59","11,293"
"31","Denver County","2017","693,134","9,009","4,370","4,639","2,027","10,525","16,322","676,812","306,336","2.21","2.11","321,058","4.59","14,722"
"31","Denver County","2018","702,679","8,943","4,434","4,509","5,036","7,878","16,300","686,379","310,886","2.21","2.07","331,306","6.16","20,420"
"31","Denver County","2019","710,143","8,726","4,526","4,200","3,264","7,330","16,292","693,851","314,493","2.21","2.05","338,605","7.12","24,112"
"31","Denver County","2020","717,626","8,696","5,124","3,572","3,911","5,059","15,612","702,014","322,759","2.18","2.00","350,887","8.02","28,128"
"31","Denver County","2021","711,487","8,557","5,165","3,392","-9,531","10,000","13,919","697,568","329,206","2.12","1.95","357,895","8.02","28,689"
"31","Denver County","2022","714,747","8,167","5,407","2,760","500","8,296","15,423","699,324","333,538","2.10","1.93","362,605","8.02","29,067"
"31","Denver County","2023","720,885","8,070","5,176","2,894","3,244","5,725","15,872","705,013","341,795","2.06","1.90","371,581","8.02","29,786"
"31","Denver County","2024","728,309","8,285","5,132","3,153","4,271","3,994","15,839","712,470","347,855","2.05","1.88","378,170","8.02","30,315"
"33","Dolores County","2001","1,865","22","19","3","13","7","0","1,865","796","2.34","1.52","1,226","35.10","430"
"33","Dolores County","2002","1,880","22","21","1","14","8","0","1,880","805","2.34","1.50","1,254","35.80","449"
"33","Dolores County","2003","1,879","20","24","-4","3","9","0","1,879","807","2.33","1.46","1,283","37.10","476"
"33","Dolores County","2004","1,873","23","19","4","-10","7","0","1,873","805","2.33","1.43","1,312","38.60","507"
"33","Dolores County","2005","1,888","21","11","10","5","6","0","1,888","814","2.32","1.41","1,338","39.20","524"
"33","Dolores County","2006","1,990","22","20","2","100","6","0","1,990","860","2.31","1.46","1,367","37.10","507"
"33","Dolores County","2007","2,001","27","20","7","4","5","0","2,001","867","2.31","1.44","1,394","37.80","527"
"33","Dolores County","2008","2,074","30","19","11","62","3","0","2,074","900","2.30","1.46","1,422","36.70","522"
"33","Dolores County","2009","2,052","28","16","12","-34","1","0","2,052","892","2.30","1.42","1,448","38.40","556"
"33","Dolores County","2010","2,060","17","14","3","5","0","0","2,060","678","3.04","1.94","1,060","36.04","382"
"33","Dolores County","2011","2,065","18","17","1","4","0","0","2,065","903","2.29","1.88","1,096","17.60","193"
"33","Dolores County","2012","2,078","24","17","7","6","1","0","2,078","912","2.28","1.80","1,156","21.15","244"
"33","Dolores County","2013","2,082","17","18","-1","5","0","0","2,082","916","2.27","1.76","1,186","22.78","270"
"33","Dolores County","2014","2,084","15","30","-15","17","1","0","2,084","919","2.27","1.72","1,212","24.14","293"
"33","Dolores County","2015","2,087","19","12","7","-4","0","0","2,087","924","2.26","1.68","1,243","25.68","319"
"33","Dolores County","2016","2,088","15","14","1","0","0","0","2,088","927","2.25","1.65","1,267","26.82","340"
"33","Dolores County","2017","2,088","12","21","-9","9","0","0","2,088","930","2.25","1.62","1,287","27.73","357"
"33","Dolores County","2018","2,091","16","21","-5","8","1","0","2,091","934","2.24","1.59","1,317","29.06","383"
"33","Dolores County","2019","2,085","7","18","-11","5","4","0","2,085","934","2.23","1.58","1,318","29.10","384"
"33","Dolores County","2020","2,078","13","25","-12","5","6","","2,078","934","2.22","1.57","1,322","29.35","388"
"33","Dolores County","2021","2,122","16","30","-14","58","6","","2,122","944","2.25","1.59","1,338","29.45","394"
"33","Dolores County","2022","2,205","20","42","-22","105","2","","2,205","957","2.30","1.62","1,357","29.48","400"
"33","Dolores County","2023","2,271","23","27","-4","70","12","","2,271","963","2.36","1.66","1,367","29.55","404"
"33","Dolores County","2024","2,209","12","19","-7","-55","10","","2,209","978","2.26","1.59","1,389","29.59","411"
"35","Douglas County","2001","199,038","3,648","490","3,158","15,370","6,227","654","198,384","69,278","2.86","2.72","72,898","5.00","3,620"
"35","Douglas County","2002","209,705","3,765","505","3,260","7,407","5,914","654","209,051","73,226","2.85","2.64","79,062","7.40","5,836"
"35","Douglas County","2003","221,146","3,999","534","3,465","7,976","4,397","661","220,485","77,472","2.85","2.62","84,225","8.00","6,753"
"35","Douglas County","2004","233,646","3,967","585","3,382","9,118","3,616","581","233,065","82,144","2.84","2.63","88,496","7.20","6,352"
"35","Douglas County","2005","244,442","4,159","589","3,570","7,226","4,987","703","243,739","86,168","2.83","2.62","93,034","7.40","6,866"
"35","Douglas County","2006","257,833","4,112","654","3,458","9,933","5,378","720","257,113","91,172","2.82","2.62","98,058","7.00","6,886"
"35","Douglas County","2007","268,599","4,205","748","3,457","7,309","3,786","728","267,871","95,275","2.81","2.63","101,912","6.50","6,637"
"35","Douglas County","2008","276,740","3,938","784","3,154","4,987","2,168","967","275,773","98,378","2.80","2.64","104,350","5.70","5,972"
"35","Douglas County","2009","282,163","3,773","779","2,994","2,429","1,344","1,042","281,121","100,581","2.79","2.65","106,155","5.30","5,574"
"35","Douglas County","2010","287,124","3,627","904","2,723","2,238","915","800","286,324","102,559","2.79","2.67","107,260","4.38","4,701"
"35","Douglas County","2011","292,623","3,557","905","2,652","2,847","1,295","851","291,772","104,563","2.79","2.70","108,031","3.21","3,468"
"35","Douglas County","2012","298,733","3,477","1,034","2,443","3,667","2,300","932","297,801","106,782","2.79","2.73","109,233","2.24","2,451"
"35","Douglas County","2013","306,327","3,429","1,043","2,386","5,208","2,434","1,106","305,221","109,511","2.79","2.74","111,597","1.87","2,086"
"35","Douglas County","2014","314,609","3,536","1,035","2,501","5,781","3,230","1,185","313,424","112,530","2.79","2.75","114,036","1.32","1,506"
"35","Douglas County","2015","322,079","3,376","1,252","2,124","5,346","2,889","1,263","320,816","115,347","2.78","2.73","117,377","1.73","2,030"
"35","Douglas County","2016","328,333","3,495","1,338","2,157","4,097","3,332","1,342","326,991","117,953","2.77","2.74","119,437","1.24","1,484"
"35","Douglas County","2017","335,933","3,507","1,337","2,170","5,430","3,742","1,421","334,512","120,764","2.77","2.72","122,812","1.67","2,048"
"35","Douglas County","2018","343,267","3,417","1,434","1,983","5,351","4,065","1,499","341,768","123,660","2.76","2.66","128,333","3.64","4,673"
"35","Douglas County","2019","351,212","3,449","1,507","1,942","6,003","3,159","1,577","349,635","126,845","2.76","2.64","132,630","4.36","5,785"
"35","Douglas County","2020","360,315","3,583","1,755","1,828","7,275","3,370","1,643","358,672","130,615","2.75","2.63","136,435","4.27","5,820"
"35","Douglas County","2021","369,842","3,529","1,872","1,657","7,870","6,059","1,607","368,235","134,558","2.74","2.62","140,571","4.28","6,013"
"35","Douglas County","2022","376,444","3,850","2,130","1,720","4,882","4,767","1,622","374,822","138,097","2.71","2.60","144,294","4.29","6,197"
"35","Douglas County","2023","385,141","3,914","2,071","1,843","6,854","3,568","1,666","383,475","142,993","2.68","2.57","149,415","4.30","6,422"
"35","Douglas County","2024","394,030","3,960","2,105","1,855","7,034","3,131","1,713","392,317","146,660","2.68","2.56","153,240","4.29","6,580"
"37","Eagle County","2001","44,440","785","64","721","430","661","353","44,087","16,146","2.73","1.70","25,966","37.80","9,820"
"37","Eagle County","2002","45,100","769","87","682","-22","533","353","44,747","16,378","2.73","1.69","26,510","38.20","10,132"
"37","Eagle County","2003","45,758","830","88","742","-84","659","353","45,405","16,600","2.74","1.66","27,274","39.10","10,674"
"37","Eagle County","2004","46,485","794","90","704","23","489","353","46,132","16,849","2.74","1.66","27,864","39.50","11,015"
"37","Eagle County","2005","47,278","769","89","680","113","727","353","46,925","17,124","2.74","1.63","28,711","40.40","11,587"
"37","Eagle County","2006","48,214","851","98","753","183","745","353","47,861","17,448","2.74","1.62","29,573","41.00","12,125"
"37","Eagle County","2007","49,284","872","84","788","282","578","353","48,931","17,818","2.75","1.62","30,271","41.10","12,453"
"37","Eagle County","2008","50,301","858","104","754","263","520","353","49,948","18,181","2.75","1.62","30,917","41.20","12,736"
"37","Eagle County","2009","51,520","871","93","778","441","164","366","51,154","18,612","2.75","1.64","31,165","40.30","12,553"
"37","Eagle County","2010","52,057","775","96","679","-142","61","55","52,002","18,902","2.75","1.69","30,810","38.65","11,908"
"37","Eagle County","2011","52,120","650","83","567","-504","53","60","52,060","19,227","2.71","1.69","30,875","37.73","11,648"
"37","Eagle County","2012","52,160","695","100","595","-555","95","65","52,094","19,262","2.70","1.68","30,927","37.72","11,665"
"37","Eagle County","2013","52,262","602","120","482","-380","130","71","52,192","19,320","2.70","1.68","31,014","37.71","11,694"
"37","Eagle County","2014","52,398","659","121","538","-402","256","76","52,323","19,391","2.70","1.68","31,120","37.69","11,729"
"37","Eagle County","2015","52,780","642","111","531","-149","188","81","52,699","19,553","2.70","1.68","31,363","37.66","11,810"
"37","Eagle County","2016","53,041","664","121","543","-282","346","86","52,955","19,670","2.69","1.68","31,539","37.63","11,869"
"37","Eagle County","2017","53,724","607","126","481","202","426","91","53,633","19,945","2.69","1.68","31,951","37.58","12,006"
"37","Eagle County","2018","54,205","575","140","435","46","382","97","54,108","20,145","2.69","1.68","32,251","37.54","12,106"
"37","Eagle County","2019","54,818","557","145","412","201","630","101","54,717","20,395","2.68","1.68","32,626","37.49","12,231"
"37","Eagle County","2020","55,673","529","171","358","497","403","99","55,574","20,902","2.66","1.68","33,159","36.96","12,257"
"37","Eagle County","2021","55,799","518","167","351","-225","439","97","55,702","21,545","2.59","1.64","33,975","36.59","12,430"
"37","Eagle County","2022","55,318","523","181","342","-823","268","101","55,217","21,801","2.53","1.61","34,272","36.39","12,471"
"37","Eagle County","2023","54,577","508","173","335","-1,076","426","101","54,476","22,070","2.47","1.58","34,576","36.17","12,506"
"37","Eagle County","2024","54,196","456","198","258","-639","416","106","54,090","22,283","2.43","1.55","34,868","36.09","12,585"
"39","Elbert County","2001","21,294","256","83","173","1,017","308","35","21,259","7,311","2.91","2.84","7,486","2.30","175"
"39","Elbert County","2002","21,604","236","91","145","165","297","35","21,569","7,464","2.89","2.78","7,772","4.00","308"
"39","Elbert County","2003","21,933","214","89","125","204","191","37","21,896","7,624","2.87","2.75","7,948","4.10","324"
"39","Elbert County","2004","22,041","215","111","104","4","162","47","21,994","7,709","2.85","2.72","8,099","4.80","390"
"39","Elbert County","2005","22,259","202","89","113","105","213","53","22,206","7,832","2.84","2.68","8,297","5.60","465"
"39","Elbert County","2006","22,527","196","86","110","158","248","53","22,474","7,979","2.82","2.63","8,535","6.50","556"
"39","Elbert County","2007","22,478","204","94","110","-159","232","53","22,425","8,015","2.80","2.56","8,756","8.50","741"
"39","Elbert County","2008","22,663","164","124","40","145","142","53","22,610","8,135","2.78","2.54","8,887","8.50","752"
"39","Elbert County","2009","22,890","185","117","68","159","55","53","22,837","8,273","2.76","2.56","8,916","7.20","643"
"39","Elbert County","2010","23,107","163","107","56","161","33","73","23,034","8,388","2.75","2.57","8,949","6.27","561"
"39","Elbert County","2011","23,032","174","107","67","-142","30","73","22,959","8,353","2.75","2.56","8,956","6.73","603"
"39","Elbert County","2012","23,034","171","116","55","-53","45","73","22,961","8,345","2.75","2.56","8,960","6.86","615"
"39","Elbert County","2013","23,183","156","133","23","126","79","72","23,111","8,392","2.75","2.57","8,978","6.53","586"
"39","Elbert County","2014","23,569","179","120","59","327","116","72","23,497","8,524","2.76","2.60","9,029","5.59","505"
"39","Elbert County","2015","24,061","208","138","70","422","149","72","23,989","8,694","2.76","2.63","9,116","4.63","422"
"39","Elbert County","2016","24,450","201","124","77","312","120","71","24,379","8,827","2.76","2.64","9,236","4.43","409"
"39","Elbert County","2017","24,942","222","154","68","424","163","71","24,871","8,997","2.76","2.67","9,328","3.55","331"
"39","Elbert County","2018","25,366","197","149","48","376","217","70","25,296","9,142","2.77","2.67","9,463","3.39","321"
"39","Elbert County","2019","25,668","195","162","33","269","196","71","25,597","9,242","2.77","2.65","9,673","4.46","431"
"39","Elbert County","2020","26,223","233","162","71","484","296","61","26,162","9,422","2.78","2.66","9,852","4.36","430"
"39","Elbert County","2021","27,153","219","199","20","910","413","62","27,091","9,690","2.80","2.67","10,131","4.35","441"
"39","Elbert County","2022","27,825","261","230","31","641","284","59","27,766","10,090","2.75","2.63","10,548","4.34","458"
"39","Elbert County","2023","28,795","264","209","55","915","349","62","28,733","10,320","2.78","2.66","10,788","4.34","468"
"39","Elbert County","2024","29,337","267","216","51","491","458","41","29,296","10,656","2.75","2.63","11,137","4.32","481"
"41","El Paso County","2001","536,336","8,338","2,999","5,339","11,195","6,087","15,502","520,834","200,185","2.60","2.47","211,168","5.20","10,983"
"41","El Paso County","2002","545,240","8,703","3,125","5,578","3,326","6,923","15,428","529,812","204,070","2.60","2.43","217,845","6.30","13,775"
"41","El Paso County","2003","551,668","8,420","3,215","5,205","1,223","6,627","15,429","536,239","206,723","2.59","2.36","226,996","8.90","20,273"
"41","El Paso County","2004","558,455","8,234","3,378","4,856","1,931","5,103","15,526","542,929","209,755","2.59","2.33","233,118","10.00","23,363"
"41","El Paso County","2005","569,322","8,543","3,252","5,291","5,576","6,318","15,560","553,762","214,275","2.58","2.31","239,367","10.50","25,092"
"41","El Paso County","2006","582,502","8,624","3,430","5,194","7,986","6,529","16,080","566,422","219,699","2.58","2.32","244,173","10.00","24,474"
"41","El Paso County","2007","588,772","8,921","3,354","5,567","703","4,197","16,022","572,750","222,624","2.57","2.31","247,960","10.20","25,336"
"41","El Paso County","2008","599,060","9,043","3,464","5,579","4,709","2,926","16,080","582,980","227,125","2.57","2.33","250,335","9.30","23,210"
"41","El Paso County","2009","608,518","8,587","3,513","5,074","4,384","1,905","16,255","592,263","231,329","2.56","2.35","251,891","8.20","20,562"
"41","El Paso County","2010","627,232","9,002","3,526","5,476","13,238","1,718","19,141","608,091","237,924","2.56","2.40","253,716","6.22","15,792"
"41","El Paso County","2011","639,139","9,231","3,651","5,580","6,327","2,220","20,242","618,897","241,699","2.56","2.42","255,593","5.44","13,894"
"41","El Paso County","2012","648,445","9,156","3,781","5,375","3,931","2,974","20,041","628,404","244,953","2.57","2.44","257,927","5.03","12,974"
"41","El Paso County","2013","658,303","9,086","3,940","5,146","4,712","3,541","20,339","637,964","248,215","2.57","2.44","261,089","4.93","12,874"
"41","El Paso County","2014","665,754","9,181","4,050","5,131","2,320","3,533","20,025","645,729","250,769","2.57","2.44","264,933","5.35","14,164"
"41","El Paso County","2015","677,969","9,435","4,160","5,275","6,940","3,580","20,440","657,529","254,877","2.58","2.45","268,705","5.15","13,828"
"41","El Paso County","2016","692,295","9,473","4,327","5,146","9,180","5,034","20,974","671,321","259,740","2.58","2.47","272,240","4.59","12,500"
"41","El Paso County","2017","704,797","9,474","4,674","4,800","7,702","4,855","21,136","683,661","264,025","2.59","2.47","276,227","4.42","12,202"
"41","El Paso County","2018","717,812","9,336","4,651","4,685","8,330","5,586","21,031","696,781","268,594","2.59","2.49","280,240","4.16","11,646"
"41","El Paso County","2019","725,498","9,119","4,724","4,395","3,291","5,388","21,176","704,322","271,000","2.60","2.48","284,340","4.69","13,340"
"41","El Paso County","2020","733,831","9,003","4,989","4,014","4,319","6,819","21,875","711,956","274,793","2.59","2.46","289,686","5.14","14,893"
"41","El Paso County","2021","738,767","9,280","5,925","3,355","1,581","9,186","20,496","718,271","280,846","2.56","2.43","296,060","5.14","15,214"
"41","El Paso County","2022","742,583","9,271","6,248","3,023","793","8,685","21,860","720,723","287,080","2.51","2.38","302,623","5.14","15,543"
"41","El Paso County","2023","746,917","9,020","5,573","3,447","887","5,083","21,739","725,178","293,857","2.47","2.34","309,761","5.14","15,904"
"41","El Paso County","2024","752,892","8,910","5,556","3,354","2,621","3,849","21,787","731,105","300,992","2.43","2.30","317,276","5.14","16,284"
"43","Fremont County","2001","46,733","446","479","-33","396","374","9,061","37,672","15,616","2.41","2.17","17,347","10.00","1,731"
"43","Fremont County","2002","46,969","404","464","-60","296","360","9,109","37,860","15,781","2.40","2.16","17,559","10.10","1,778"
"43","Fremont County","2003","46,828","420","516","-96","-45","239","9,164","37,664","15,783","2.39","2.13","17,692","10.80","1,909"
"43","Fremont County","2004","46,540","401","494","-93","-195","296","9,280","37,260","15,701","2.37","2.07","17,975","12.70","2,274"
"43","Fremont County","2005","46,447","402","493","-91","-2","215","9,243","37,204","15,764","2.36","2.05","18,191","13.30","2,427"
"43","Fremont County","2006","46,703","439","483","-44","300","262","9,219","37,484","15,969","2.35","2.03","18,444","13.40","2,475"
"43","Fremont County","2007","46,654","422","516","-94","45","235","9,197","37,457","16,045","2.33","2.00","18,685","14.10","2,640"
"43","Fremont County","2008","46,774","425","458","-33","153","154","9,347","37,427","16,124","2.32","1.98","18,925","14.80","2,801"
"43","Fremont County","2009","46,635","413","491","-78","-61","91","9,305","37,330","16,169","2.31","1.95","19,104","15.40","2,935"
"43","Fremont County","2010","46,854","373","504","-131","350","53","8,704","38,150","16,744","2.28","1.96","19,448","13.90","2,704"
"43","Fremont County","2011","47,076","379","528","-149","371","46","8,618","38,459","16,735","2.30","1.97","19,536","14.34","2,801"
"43","Fremont County","2012","47,130","388","498","-110","164","52","8,531","38,599","16,803","2.30","1.97","19,578","14.18","2,775"
"43","Fremont County","2013","47,183","335","529","-194","247","53","8,445","38,739","16,870","2.30","1.97","19,620","14.02","2,750"
"43","Fremont County","2014","47,119","380","541","-161","97","55","8,358","38,761","16,886","2.30","1.97","19,630","13.98","2,744"
"43","Fremont County","2015","47,213","381","546","-165","259","54","8,272","38,941","16,970","2.29","1.98","19,683","13.78","2,713"
"43","Fremont County","2016","47,284","379","541","-162","233","85","8,186","39,099","17,045","2.29","1.98","19,730","13.61","2,685"
"43","Fremont County","2017","47,564","379","575","-196","476","119","8,099","39,465","17,211","2.29","1.99","19,834","13.22","2,623"
"43","Fremont County","2018","47,990","375","562","-187","613","137","8,013","39,977","17,441","2.29","2.00","19,978","12.70","2,537"
"43","Fremont County","2019","48,380","383","580","-197","587","139","7,926","40,454","17,655","2.29","2.01","20,112","12.22","2,457"
"43","Fremont County","2020","48,891","412","580","-168","679","155","7,875","41,016","17,904","2.29","2.02","20,281","11.72","2,377"
"43","Fremont County","2021","49,251","380","678","-298","658","174","7,542","41,709","18,006","2.32","2.04","20,398","11.73","2,392"
"43","Fremont County","2022","49,588","333","754","-421","758","190","7,969","41,619","18,169","2.29","2.02","20,587","11.75","2,418"
"43","Fremont County","2023","50,372","394","638","-244","1,028","124","8,698","41,674","18,337","2.27","2.01","20,778","11.75","2,441"
"43","Fremont County","2024","50,071","330","623","-293","-8","134","8,417","41,654","18,440","2.26","1.99","20,897","11.76","2,457"
"45","Garfield County","2001","45,907","796","269","527","1,140","655","850","45,057","16,962","2.66","2.47","18,229","7.00","1,267"
"45","Garfield County","2002","46,728","811","282","529","292","546","848","45,880","17,228","2.66","2.42","18,927","9.00","1,699"
"45","Garfield County","2003","47,484","866","288","578","178","508","849","46,635","17,459","2.67","2.39","19,525","10.60","2,066"
"45","Garfield County","2004","48,156","811","275","536","136","356","843","47,313","17,660","2.68","2.36","20,008","11.70","2,348"
"45","Garfield County","2005","49,256","832","271","561","539","485","848","48,408","18,011","2.69","2.35","20,598","12.60","2,587"
"45","Garfield County","2006","51,106","893","274","619","1,231","569","852","50,254","18,643","2.70","2.37","21,230","12.20","2,587"
"45","Garfield County","2007","52,676","971","290","681","889","718","847","51,829","19,162","2.70","2.34","22,106","13.30","2,944"
"45","Garfield County","2008","54,226","975","286","689","861","574","830","53,396","19,680","2.71","2.34","22,805","13.70","3,125"
"45","Garfield County","2009","55,400","997","268","729","445","385","851","54,549","20,048","2.72","2.36","23,145","13.40","3,097"
"45","Garfield County","2010","56,150","912","278","634","116","37","884","55,266","19,921","2.77","2.41","22,892","12.98","2,971"
"45","Garfield County","2011","56,267","863","294","569","-452","33","909","55,358","20,319","2.72","2.42","22,920","11.35","2,601"
"45","Garfield County","2012","56,415","788","252","536","-388","96","934","55,481","20,378","2.72","2.42","22,955","11.23","2,577"
"45","Garfield County","2013","56,798","822","281","541","-158","65","959","55,839","20,522","2.72","2.42","23,042","10.94","2,520"
"45","Garfield County","2014","57,131","773","288","485","-152","83","984","56,147","20,648","2.72","2.43","23,118","10.68","2,470"
"45","Garfield County","2015","57,495","767","338","429","-65","138","1,010","56,486","20,786","2.72","2.43","23,201","10.41","2,415"
"45","Garfield County","2016","58,161","839","337","502","164","156","1,035","57,126","21,035","2.72","2.45","23,351","9.92","2,316"
"45","Garfield County","2017","58,871","823","322","501","209","194","1,060","57,811","21,300","2.71","2.46","23,511","9.40","2,211"
"45","Garfield County","2018","59,769","781","340","441","457","189","1,085","58,684","21,636","2.71","2.47","23,713","8.76","2,077"
"45","Garfield County","2019","60,556","754","376","378","409","327","1,109","59,447","21,931","2.71","2.49","23,891","8.20","1,960"
"45","Garfield County","2020","61,799","748","358","390","853","334","1,056","60,743","22,422","2.71","2.51","24,154","7.17","1,732"
"45","Garfield County","2021","62,103","729","437","292","12","631","910","61,193","22,681","2.70","2.50","24,430","7.16","1,749"
"45","Garfield County","2022","62,371","728","414","314","-46","240","1,033","61,338","23,048","2.66","2.47","24,825","7.16","1,777"
"45","Garfield County","2023","62,864","709","420","289","204","155","1,046","61,818","23,268","2.66","2.47","25,063","7.16","1,795"
"45","Garfield County","2024","63,174","750","393","357","-47","174","1,079","62,095","23,411","2.65","2.46","25,217","7.16","1,806"
"47","Gilpin County","2001","4,829","57","15","42","-16","81","24","4,805","2,088","2.30","1.58","3,035","31.20","947"
"47","Gilpin County","2002","4,830","66","26","40","-39","63","24","4,806","2,099","2.29","1.55","3,102","32.30","1,003"
"47","Gilpin County","2003","4,851","53","31","22","-1","69","24","4,827","2,118","2.28","1.52","3,175","33.30","1,057"
"47","Gilpin County","2004","4,825","56","26","30","-56","54","46","4,779","2,107","2.27","1.48","3,234","34.90","1,127"
"47","Gilpin County","2005","4,892","55","20","35","32","73","52","4,840","2,145","2.26","1.46","3,312","35.20","1,167"
"47","Gilpin County","2006","4,953","73","28","45","16","83","45","4,908","2,190","2.24","1.44","3,401","35.60","1,211"
"47","Gilpin County","2007","4,964","58","19","39","-28","72","37","4,927","2,211","2.23","1.42","3,479","36.50","1,268"
"47","Gilpin County","2008","5,084","49","30","19","101","39","37","5,047","2,279","2.21","1.43","3,524","35.30","1,245"
"47","Gilpin County","2009","5,396","52","26","26","286","44","37","5,359","2,435","2.20","1.51","3,545","31.30","1,110"
"47","Gilpin County","2010","5,463","47","25","22","45","4","49","5,414","2,289","2.37","1.64","3,298","30.59","1,009"
"47","Gilpin County","2011","5,477","47","28","19","-5","16","48","5,429","2,475","2.19","1.64","3,306","25.14","831"
"47","Gilpin County","2012","5,500","39","27","12","11","8","47","5,453","2,484","2.20","1.64","3,321","25.20","837"
"47","Gilpin County","2013","5,512","48","21","27","-15","14","46","5,466","2,488","2.20","1.64","3,328","25.23","840"
"47","Gilpin County","2014","5,536","40","30","10","14","13","45","5,490","2,498","2.20","1.64","3,343","25.29","845"
"47","Gilpin County","2015","5,553","39","34","5","12","16","44","5,509","2,504","2.20","1.64","3,354","25.33","850"
"47","Gilpin County","2016","5,578","42","30","12","13","31","44","5,534","2,514","2.20","1.64","3,370","25.39","856"
"47","Gilpin County","2017","5,635","40","30","10","47","34","43","5,592","2,539","2.20","1.64","3,410","25.55","871"
"47","Gilpin County","2018","5,707","42","23","19","53","41","42","5,666","2,570","2.20","1.64","3,461","25.74","891"
"47","Gilpin County","2019","5,751","15","24","-9","53","32","41","5,710","2,589","2.21","1.64","3,491","25.85","902"
"47","Gilpin County","2020","5,824","46","48","-2","75","20","48","5,776","2,619","2.21","1.64","3,523","25.66","904"
"47","Gilpin County","2021","5,896","33","34","-1","73","22","48","5,848","2,628","2.23","1.65","3,535","25.66","907"
"47","Gilpin County","2022","5,913","49","35","14","3","36","48","5,865","2,640","2.22","1.65","3,551","25.65","911"
"47","Gilpin County","2023","5,919","39","44","-5","11","31","48","5,871","2,660","2.21","1.64","3,579","25.68","919"
"47","Gilpin County","2024","5,969","46","44","2","48","24","48","5,921","2,683","2.21","1.64","3,610","25.68","927"
"49","Grand County","2001","13,283","153","62","91","339","529","393","12,890","5,464","2.36","1.01","12,716","57.00","7,252"
"49","Grand County","2002","13,461","159","67","92","86","466","393","13,068","5,562","2.35","0.99","13,169","57.80","7,607"
"49","Grand County","2003","13,688","163","54","109","118","348","393","13,295","5,682","2.34","1.00","13,267","57.20","7,585"
"49","Grand County","2004","13,912","142","40","102","122","432","393","13,519","5,798","2.33","0.99","13,662","57.60","7,864"
"49","Grand County","2005","13,897","146","73","73","-88","513","393","13,504","5,813","2.32","0.96","14,074","58.70","8,261"
"49","Grand County","2006","14,135","139","59","80","158","606","393","13,742","5,939","2.31","0.95","14,541","59.20","8,602"
"49","Grand County","2007","14,339","170","49","121","83","792","393","13,946","6,053","2.30","0.91","15,327","60.50","9,274"
"49","Grand County","2008","14,535","156","57","99","97","574","393","14,142","6,163","2.29","0.90","15,786","61.00","9,623"
"49","Grand County","2009","14,664","145","54","91","38","313","393","14,271","6,248","2.28","0.89","15,980","60.90","9,732"
"49","Grand County","2010","14,790","138","44","94","32","159","222","14,568","6,168","2.36","0.95","15,396","59.94","9,228"
"49","Grand County","2011","14,836","106","66","40","6","155","220","14,617","6,478","2.26","0.94","15,482","58.15","9,004"
"49","Grand County","2012","14,925","111","45","66","23","182","217","14,707","6,532","2.25","0.94","15,615","58.17","9,083"
"49","Grand County","2013","14,948","117","61","56","-33","240","215","14,733","6,556","2.25","0.94","15,676","58.18","9,120"
"49","Grand County","2014","14,934","123","66","57","-71","137","212","14,722","6,565","2.24","0.94","15,697","58.18","9,132"
"49","Grand County","2015","14,961","113","77","36","-9","128","210","14,751","6,591","2.24","0.94","15,762","58.19","9,171"
"49","Grand County","2016","15,042","127","66","61","20","161","208","14,835","6,641","2.23","0.93","15,889","58.20","9,248"
"49","Grand County","2017","15,147","129","67","62","43","198","205","14,942","6,703","2.23","0.93","16,043","58.22","9,340"
"49","Grand County","2018","15,268","107","85","22","99","213","203","15,065","6,772","2.22","0.93","16,215","58.24","9,443"
"49","Grand County","2019","15,409","109","75","34","107","223","201","15,208","6,850","2.22","0.93","16,409","58.26","9,559"
"49","Grand County","2020","15,750","132","67","65","276","234","212","15,538","7,059","2.20","0.93","16,762","57.88","9,703"
"49","Grand County","2021","15,863","113","92","21","92","467","212","15,651","6,958","2.25","0.95","16,531","57.88","9,573"
"49","Grand County","2022","15,759","127","115","12","-116","375","212","15,547","7,135","2.18","0.91","17,045","57.88","9,910"
"49","Grand County","2023","16,000","127","85","42","199","244","212","15,788","7,393","2.14","0.88","17,861","57.88","10,468"
"49","Grand County","2024","16,202","136","84","52","150","294","212","15,990","7,605","2.10","0.87","18,378","57.88","10,773"
"51","Gunnison County","2001","14,345","186","66","120","236","321","1,039","13,306","5,810","2.29","1.39","9,571","39.30","3,761"
"51","Gunnison County","2002","14,316","171","71","100","-129","194","1,113","13,203","5,786","2.28","1.35","9,793","40.90","4,007"
"51","Gunnison County","2003","14,206","178","73","105","-215","194","1,066","13,140","5,775","2.28","1.31","10,020","42.40","4,245"
"51","Gunnison County","2004","14,230","165","70","95","-71","191","897","13,333","5,884","2.27","1.30","10,244","42.60","4,360"
"51","Gunnison County","2005","14,473","168","73","95","148","192","839","13,634","6,035","2.26","1.30","10,456","42.30","4,421"
"51","Gunnison County","2006","14,650","158","51","107","70","262","841","13,809","6,134","2.25","1.29","10,738","42.90","4,604"
"51","Gunnison County","2007","14,957","162","49","113","194","243","830","14,127","6,298","2.24","1.28","11,002","42.80","4,704"
"51","Gunnison County","2008","15,137","168","66","102","78","173","808","14,329","6,412","2.23","1.28","11,214","42.80","4,802"
"51","Gunnison County","2009","15,266","182","59","123","6","87","808","14,458","6,493","2.23","1.28","11,338","42.70","4,846"
"51","Gunnison County","2010","15,309","158","69","89","-46","73","850","14,459","6,511","2.22","1.26","11,431","43.04","4,920"
"51","Gunnison County","2011","15,348","152","58","94","-55","50","871","14,477","6,517","2.22","1.26","11,448","43.07","4,931"
"51","Gunnison County","2012","15,270","164","74","90","-168","47","830","14,440","6,499","2.22","1.26","11,459","43.28","4,960"
"51","Gunnison County","2013","15,425","149","65","84","71","63","1,011","14,414","6,486","2.22","1.26","11,475","43.48","4,989"
"51","Gunnison County","2014","15,552","136","54","82","45","58","1,003","14,549","6,545","2.22","1.27","11,497","43.07","4,952"
"51","Gunnison County","2015","15,826","138","79","59","215","98","1,004","14,822","6,666","2.22","1.29","11,514","42.11","4,848"
"51","Gunnison County","2016","16,082","158","79","79","177","103","1,037","15,045","6,765","2.22","1.30","11,539","41.37","4,774"
"51","Gunnison County","2017","16,464","135","67","68","314","142","1,053","15,411","6,928","2.22","1.32","11,633","40.45","4,705"
"51","Gunnison County","2018","16,681","126","81","45","172","169","1,056","15,625","7,022","2.23","1.33","11,766","40.32","4,744"
"51","Gunnison County","2019","16,941","131","63","68","192","193","1,059","15,882","7,136","2.23","1.34","11,882","39.94","4,746"
"51","Gunnison County","2020","16,945","134","93","41","-37","228","1,020","15,925","7,157","2.23","1.31","12,165","41.17","5,008"
"51","Gunnison County","2021","17,294","133","81","52","297","197","997","16,297","7,227","2.26","1.33","12,284","41.17","5,057"
"51","Gunnison County","2022","17,318","133","89","44","-20","149","1,057","16,261","7,357","2.21","1.30","12,469","41.00","5,112"
"51","Gunnison County","2023","17,342","138","81","57","-33","107","1,035","16,307","7,531","2.17","1.28","12,716","40.78","5,185"
"51","Gunnison County","2024","17,304","142","111","31","-69","145","1,074","16,230","7,622","2.13","1.26","12,875","40.80","5,253"
"53","Hinsdale County","2001","804","6","4","2","10","15","0","804","366","2.20","0.61","1,316","72.20","950"
"53","Hinsdale County","2002","806","10","5","5","-3","16","0","806","367","2.20","0.61","1,325","72.30","958"
"53","Hinsdale County","2003","784","5","1","4","-26","14","0","784","358","2.19","0.59","1,333","73.10","975"
"53","Hinsdale County","2004","831","8","1","7","40","8","0","831","380","2.19","0.62","1,335","71.50","955"
"53","Hinsdale County","2005","813","8","2","6","-24","15","0","813","372","2.19","0.61","1,343","72.30","971"
"53","Hinsdale County","2006","830","7","5","2","15","17","0","830","380","2.18","0.61","1,356","72.00","976"
"53","Hinsdale County","2007","845","9","1","8","7","12","0","845","388","2.18","0.62","1,363","71.50","975"
"53","Hinsdale County","2008","824","8","2","6","-27","27","0","824","378","2.18","0.60","1,383","72.70","1,005"
"53","Hinsdale County","2009","827","10","2","8","-5","17","0","827","380","2.18","0.60","1,386","72.60","1,006"
"53","Hinsdale County","2010","843","10","4","6","10","11","56","787","337","2.34","0.62","1,274","73.55","937"
"53","Hinsdale County","2011","835","5","7","-2","-6","9","50","785","362","2.17","0.62","1,275","71.59","913"
"53","Hinsdale County","2012","831","6","3","3","-7","4","45","786","364","2.16","0.61","1,281","71.58","917"
"53","Hinsdale County","2013","825","10","5","5","-11","6","39","785","365","2.15","0.61","1,284","71.58","919"
"53","Hinsdale County","2014","819","6","4","2","-8","6","34","785","366","2.14","0.61","1,288","71.58","922"
"53","Hinsdale County","2015","813","7","5","2","-8","6","28","785","367","2.14","0.61","1,292","71.58","925"
"53","Hinsdale County","2016","809","2","4","-2","-2","7","22","786","369","2.13","0.61","1,298","71.58","929"
"53","Hinsdale County","2017","805","4","4","0","-4","8","17","788","371","2.12","0.60","1,305","71.58","934"
"53","Hinsdale County","2018","801","3","7","-4","0","9","11","790","373","2.12","0.60","1,313","71.58","940"
"53","Hinsdale County","2019","798","3","0","3","-6","9","6","792","375","2.11","0.60","1,321","71.58","946"
"53","Hinsdale County","2020","792","5","11","-6","","11","","792","375","2.11","0.60","1,330","71.80","955"
"53","Hinsdale County","2021","778","3","5","-2","-12","14","","778","380","2.05","0.58","1,345","71.75","965"
"53","Hinsdale County","2022","779","4","7","-3","4","15","","779","381","2.04","0.58","1,347","71.71","966"
"53","Hinsdale County","2023","771","6","8","-2","-6","13","","771","386","2.00","0.57","1,362","71.66","976"
"53","Hinsdale County","2024","754","3","9","-6","-11","16","","754","389","1.94","0.55","1,374","71.69","985"
"55","Huerfano County","2001","7,905","74","89","-15","93","93","1,061","6,844","3,065","2.23","1.45","4,705","34.90","1,640"
"55","Huerfano County","2002","7,916","83","98","-15","26","90","1,035","6,881","3,104","2.22","1.44","4,787","35.20","1,683"
"55","Huerfano County","2003","8,042","79","112","-33","159","60","1,165","6,877","3,126","2.20","1.42","4,837","35.40","1,711"
"55","Huerfano County","2004","7,729","73","88","-15","-298","50","1,086","6,643","3,043","2.18","1.36","4,878","37.60","1,835"
"55","Huerfano County","2005","7,823","61","95","-34","128","51","1,167","6,656","3,073","2.17","1.35","4,918","37.50","1,845"
"55","Huerfano County","2006","7,750","58","92","-34","-39","38","1,173","6,577","3,059","2.15","1.33","4,946","38.20","1,887"
"55","Huerfano County","2007","7,658","58","92","-34","-58","47","1,167","6,491","3,043","2.13","1.30","4,984","38.90","1,941"
"55","Huerfano County","2008","7,680","59","119","-60","82","62","1,183","6,497","3,071","2.12","1.29","5,035","39.00","1,964"
"55","Huerfano County","2009","6,710","56","108","-52","-918","32","418","6,292","2,998","2.10","1.24","5,056","40.70","2,058"
"55","Huerfano County","2010","6,655","56","102","-46","-9","30","165","6,490","2,764","2.35","1.46","4,445","37.82","1,681"
"55","Huerfano County","2011","6,671","46","105","-59","75","30","159","6,512","3,118","2.09","1.46","4,474","30.30","1,356"
"55","Huerfano County","2012","6,686","59","106","-47","62","24","153","6,533","3,126","2.09","1.45","4,502","30.55","1,376"
"55","Huerfano County","2013","6,697","50","88","-38","49","27","146","6,551","3,132","2.09","1.45","4,523","30.74","1,391"
"55","Huerfano County","2014","6,700","41","97","-56","59","13","140","6,560","3,135","2.09","1.45","4,531","30.81","1,396"
"55","Huerfano County","2015","6,706","55","104","-49","55","32","134","6,572","3,138","2.09","1.45","4,543","30.92","1,405"
"55","Huerfano County","2016","6,721","44","109","-65","80","31","128","6,593","3,146","2.10","1.44","4,571","31.17","1,425"
"55","Huerfano County","2017","6,737","44","117","-73","89","42","122","6,615","3,155","2.10","1.44","4,600","31.42","1,445"
"55","Huerfano County","2018","6,758","45","100","-55","76","38","115","6,642","3,165","2.10","1.43","4,637","31.74","1,472"
"55","Huerfano County","2019","6,778","41","109","-68","88","37","109","6,669","3,176","2.10","1.43","4,674","32.05","1,498"
"55","Huerfano County","2020","6,834","45","126","-81","137","43","120","6,714","3,225","2.08","1.42","4,720","31.67","1,495"
"55","Huerfano County","2021","6,950","43","126","-83","199","57","106","6,844","3,234","2.12","1.45","4,734","31.69","1,500"
"55","Huerfano County","2022","7,101","45","152","-107","258","57","103","6,998","3,260","2.15","1.46","4,781","31.81","1,521"
"55","Huerfano County","2023","7,059","39","129","-90","48","48","107","6,952","3,272","2.12","1.45","4,802","31.86","1,530"
"55","Huerfano County","2024","7,025","52","112","-60","26","67","109","6,916","3,300","2.10","1.43","4,850","31.96","1,550"
"57","Jackson County","2001","1,590","17","18","-1","15","23","10","1,580","675","2.34","1.34","1,176","42.60","501"
"57","Jackson County","2002","1,591","18","10","8","-7","16","10","1,581","680","2.33","1.33","1,193","43.00","513"
"57","Jackson County","2003","1,586","12","12","0","-5","9","10","1,576","685","2.30","1.31","1,204","43.10","519"
"57","Jackson County","2004","1,521","10","8","2","-67","14","10","1,511","664","2.28","1.24","1,219","45.50","555"
"57","Jackson County","2005","1,492","9","12","-3","-26","10","10","1,482","657","2.26","1.20","1,231","46.60","574"
"57","Jackson County","2006","1,443","15","12","3","-52","13","10","1,433","642","2.23","1.15","1,246","48.50","604"
"57","Jackson County","2007","1,422","12","11","1","-22","12","10","1,412","638","2.21","1.12","1,260","49.40","622"
"57","Jackson County","2008","1,381","11","13","-2","-39","8","10","1,371","627","2.19","1.08","1,270","50.60","643"
"57","Jackson County","2009","1,386","8","14","-6","11","12","10","1,376","636","2.16","1.07","1,280","50.30","644"
"57","Jackson County","2010","1,387","10","7","3","-2","7","2","1,385","578","2.40","1.21","1,140","49.30","562"
"57","Jackson County","2011","1,387","12","10","2","-2","2","2","1,385","647","2.14","1.21","1,147","43.56","500"
"57","Jackson County","2012","1,385","9","15","-6","4","0","2","1,383","648","2.13","1.20","1,149","43.62","501"
"57","Jackson County","2013","1,383","6","10","-4","2","0","2","1,381","648","2.13","1.20","1,151","43.69","503"
"57","Jackson County","2014","1,381","17","12","5","-7","0","2","1,379","649","2.12","1.19","1,155","43.81","506"
"57","Jackson County","2015","1,381","12","10","2","-2","4","2","1,379","650","2.12","1.19","1,161","44.00","511"
"57","Jackson County","2016","1,379","12","12","0","-2","7","2","1,377","651","2.12","1.18","1,165","44.13","514"
"57","Jackson County","2017","1,379","15","13","2","-2","9","2","1,377","652","2.11","1.17","1,172","44.35","520"
"57","Jackson County","2018","1,379","13","15","-2","2","5","2","1,377","654","2.11","1.17","1,179","44.56","525"
"57","Jackson County","2019","1,379","6","7","-1","1","5","2","1,377","655","2.10","1.16","1,186","44.77","531"
"57","Jackson County","2020","1,377","7","11","-4","2","5","2","1,375","656","2.10","1.15","1,191","44.92","535"
"57","Jackson County","2021","1,358","6","15","-9","-10","2","2","1,356","658","2.06","1.13","1,196","44.98","538"
"57","Jackson County","2022","1,314","8","9","-1","-43","4","2","1,312","661","1.98","1.09","1,200","44.92","539"
"57","Jackson County","2023","1,310","11","15","-4","","3","2","1,308","664","1.97","1.08","1,206","44.94","542"
"57","Jackson County","2024","1,270","9","10","-1","-39","3","2","1,268","665","1.91","1.05","1,209","45.00","544"
"59","Jefferson County","2001","528,067","6,532","3,133","3,399","-2,050","3,387","7,788","520,279","207,436","2.51","2.40","216,341","4.10","8,905"
"59","Jefferson County","2002","527,539","6,551","3,400","3,151","-3,679","2,673","7,730","519,809","208,047","2.50","2.37","218,986","5.00","10,939"
"59","Jefferson County","2003","525,429","6,620","3,444","3,176","-5,286","2,229","7,760","517,669","208,064","2.49","2.34","221,186","5.90","13,122"
"59","Jefferson County","2004","524,876","6,337","3,367","2,970","-3,523","1,642","7,827","517,049","208,717","2.48","2.32","222,899","6.40","14,182"
"59","Jefferson County","2005","523,517","6,183","3,338","2,845","-4,204","2,535","7,797","515,720","209,058","2.47","2.30","224,639","6.90","15,581"
"59","Jefferson County","2006","524,579","6,138","3,462","2,676","-1,614","2,151","7,767","516,812","210,389","2.46","2.28","226,430","7.10","16,041"
"59","Jefferson County","2007","527,120","6,194","3,541","2,653","-112","2,059","7,840","519,280","212,308","2.45","2.28","227,770","6.80","15,463"
"59","Jefferson County","2008","530,565","6,167","3,736","2,431","1,014","1,073","7,796","522,769","214,695","2.43","2.28","229,029","6.30","14,334"
"59","Jefferson County","2009","532,606","5,934","3,678","2,256","-215","602","7,795","524,811","216,523","2.42","2.28","229,781","5.80","13,258"
"59","Jefferson County","2010","535,651","5,723","3,757","1,966","1,079","577","7,427","528,224","218,630","2.42","2.29","230,181","5.02","11,551"
"59","Jefferson County","2011","540,625","5,545","3,744","1,801","3,173","958","7,786","532,839","220,545","2.42","2.31","230,936","4.50","10,391"
"59","Jefferson County","2012","546,631","5,565","3,906","1,659","4,347","1,010","7,701","538,930","223,071","2.42","2.32","232,054","3.87","8,983"
"59","Jefferson County","2013","552,236","5,633","4,003","1,630","3,975","1,715","7,952","544,284","225,291","2.42","2.33","233,257","3.42","7,966"
"59","Jefferson County","2014","559,016","5,917","4,110","1,807","4,973","2,519","8,026","550,990","228,072","2.42","2.35","234,710","2.83","6,638"
"59","Jefferson County","2015","565,161","5,838","4,397","1,441","4,704","1,852","8,129","557,032","230,578","2.42","2.35","237,424","2.88","6,846"
"59","Jefferson County","2016","571,744","5,903","4,322","1,581","5,002","2,610","8,363","563,381","233,211","2.42","2.35","239,371","2.57","6,160"
"59","Jefferson County","2017","575,923","5,977","4,489","1,488","2,691","2,373","9,110","566,813","234,636","2.42","2.34","242,056","3.07","7,420"
"59","Jefferson County","2018","579,821","5,589","4,521","1,068","2,830","2,138","8,822","570,999","236,374","2.42","2.34","244,236","3.22","7,862"
"59","Jefferson County","2019","582,568","5,626","4,493","1,133","1,614","1,809","9,235","573,333","237,345","2.42","2.32","246,873","3.86","9,528"
"59","Jefferson County","2020","583,138","5,723","4,901","822","-252","2,161","8,684","574,454","238,085","2.41","2.31","248,856","4.33","10,771"
"59","Jefferson County","2021","580,840","5,379","5,367","12","-2,310","2,515","9,101","571,739","239,601","2.39","2.28","250,442","4.33","10,841"
"59","Jefferson County","2022","576,580","5,523","5,446","77","-4,337","2,206","9,436","567,144","243,098","2.33","2.23","254,101","4.33","11,003"
"59","Jefferson County","2023","577,599","5,341","5,096","245","774","1,188","9,305","568,294","245,385","2.32","2.22","256,494","4.33","11,109"
"59","Jefferson County","2024","578,437","5,379","4,988","391","447","1,172","8,988","569,449","247,210","2.30","2.20","258,400","4.33","11,190"
"61","Kiowa County","2001","1,606","16","25","-9","1","0","24","1,582","663","2.39","1.95","813","18.50","150"
"61","Kiowa County","2002","1,566","14","16","-2","-38","1","24","1,542","651","2.37","1.90","811","19.70","160"
"61","Kiowa County","2003","1,548","23","18","5","-23","0","24","1,524","649","2.35","1.88","809","19.80","160"
"61","Kiowa County","2004","1,523","11","22","-11","-14","0","24","1,499","643","2.33","1.86","806","20.20","163"
"61","Kiowa County","2005","1,543","16","20","-4","24","2","28","1,515","655","2.31","1.88","805","18.60","150"
"61","Kiowa County","2006","1,514","7","18","-11","-18","1","11","1,503","655","2.29","1.87","803","18.40","148"
"61","Kiowa County","2007","1,471","22","24","-2","-41","2","18","1,453","637","2.28","1.81","802","20.60","165"
"61","Kiowa County","2008","1,432","15","22","-7","-32","1","18","1,414","626","2.26","1.77","801","21.90","175"
"61","Kiowa County","2009","1,392","17","19","-2","-38","3","18","1,374","611","2.25","1.71","803","23.90","192"
"61","Kiowa County","2010","1,399","6","19","-13","20","6","14","1,385","557","2.49","1.92","720","22.64","163"
"61","Kiowa County","2011","1,383","20","22","-2","-14","1","16","1,367","607","2.25","1.88","727","16.53","120"
"61","Kiowa County","2012","1,392","8","21","-13","22","2","18","1,375","605","2.27","1.89","728","16.90","123"
"61","Kiowa County","2013","1,397","15","18","-3","8","0","20","1,377","601","2.29","1.89","730","17.65","129"
"61","Kiowa County","2014","1,393","19","20","-1","-3","0","22","1,372","594","2.31","1.87","734","19.12","140"
"61","Kiowa County","2015","1,406","14","22","-8","21","0","24","1,383","594","2.33","1.88","734","19.12","140"
"61","Kiowa County","2016","1,420","20","21","-1","15","0","25","1,394","594","2.35","1.90","734","19.12","140"
"61","Kiowa County","2017","1,428","17","21","-4","12","0","27","1,401","592","2.37","1.91","735","19.49","143"
"61","Kiowa County","2018","1,442","17","24","-7","21","0","29","1,412","592","2.39","1.92","735","19.49","143"
"61","Kiowa County","2019","1,454","10","8","2","10","3","31","1,423","592","2.40","1.94","735","19.49","143"
"61","Kiowa County","2020","1,454","13","15","-2","2","5","29","1,425","584","2.44","1.93","737","20.76","153"
"61","Kiowa County","2021","1,453","20","21","-1","","6","29","1,424","587","2.43","1.92","741","20.78","154"
"61","Kiowa County","2022","1,430","11","19","-8","-15","6","29","1,401","591","2.37","1.88","747","20.88","156"
"61","Kiowa County","2023","1,380","19","22","-3","-47","4","29","1,351","595","2.27","1.80","751","20.77","156"
"61","Kiowa County","2024","1,417","19","14","5","32","1","29","1,388","597","2.32","1.84","754","20.82","157"
"63","Kit Carson County","2001","8,073","107","69","38","60","31","598","7,475","3,007","2.49","2.15","3,469","13.30","462"
"63","Kit Carson County","2002","8,289","80","85","-5","221","14","765","7,524","3,046","2.47","2.16","3,482","12.60","437"
"63","Kit Carson County","2003","8,185","78","67","11","-115","17","788","7,397","3,009","2.46","2.12","3,497","13.90","487"
"63","Kit Carson County","2004","8,257","90","72","18","54","5","964","7,293","2,985","2.44","2.08","3,503","14.80","518"
"63","Kit Carson County","2005","7,998","108","68","40","-299","6","1,000","6,998","2,881","2.43","1.99","3,509","17.90","628"
"63","Kit Carson County","2006","7,946","98","92","6","-58","11","1,035","6,911","2,861","2.42","1.96","3,519","18.70","658"
"63","Kit Carson County","2007","7,835","92","80","12","-123","2","1,024","6,811","2,836","2.40","1.93","3,520","19.40","684"
"63","Kit Carson County","2008","8,042","101","67","34","173","6","1,334","6,708","2,807","2.39","1.90","3,525","20.40","718"
"63","Kit Carson County","2009","8,269","102","76","26","201","1","1,508","6,761","2,846","2.38","1.92","3,526","19.30","680"
"63","Kit Carson County","2010","8,267","108","81","27","-29","2","1,075","7,192","2,916","2.47","2.13","3,377","13.65","461"
"63","Kit Carson County","2011","8,165","105","83","22","-124","0","977","7,188","3,028","2.37","2.13","3,379","10.37","351"
"63","Kit Carson County","2012","8,085","93","69","24","-104","0","879","7,207","3,028","2.38","2.13","3,379","10.37","351"
"63","Kit Carson County","2013","8,006","83","76","7","-86","24","780","7,225","3,028","2.39","2.14","3,379","10.37","351"
"63","Kit Carson County","2014","7,664","94","80","14","-356","2","682","6,982","2,919","2.39","2.05","3,402","14.20","483"
"63","Kit Carson County","2015","7,561","116","75","41","-144","0","584","6,977","2,909","2.40","2.05","3,404","14.53","495"
"63","Kit Carson County","2016","7,480","94","79","15","-96","0","486","6,995","2,909","2.40","2.05","3,404","14.53","495"
"63","Kit Carson County","2017","7,400","87","72","15","-95","3","388","7,012","2,909","2.41","2.06","3,404","14.53","495"
"63","Kit Carson County","2018","7,285","79","77","2","-117","3","289","6,996","2,895","2.42","2.05","3,407","15.03","512"
"63","Kit Carson County","2019","7,182","98","70","28","-131","3","191","6,991","2,886","2.42","2.05","3,409","15.36","523"
"63","Kit Carson County","2020","7,069","91","80","11","-124","11","94","6,975","2,880","2.42","2.05","3,410","15.54","530"
"63","Kit Carson County","2021","6,930","81","97","-16","-123","6","91","6,839","2,888","2.37","2.00","3,419","15.53","531"
"63","Kit Carson County","2022","7,011","104","93","11","70","1","93","6,918","2,894","2.39","2.02","3,426","15.53","532"
"63","Kit Carson County","2023","7,021","78","84","-6","16","5","93","6,928","2,895","2.39","2.02","3,428","15.55","533"
"63","Kit Carson County","2024","7,063","78","84","-6","48","8","93","6,970","2,900","2.40","2.03","3,433","15.53","533"
"65","Lake County","2001","7,821","136","45","91","-210","59","99","7,722","2,989","2.58","1.92","4,014","25.50","1,025"
"65","Lake County","2002","7,726","131","38","93","-188","54","99","7,627","2,957","2.58","1.88","4,050","27.00","1,093"
"65","Lake County","2003","7,520","118","36","82","-288","93","99","7,421","2,884","2.57","1.80","4,125","30.10","1,241"
"65","Lake County","2004","7,416","116","37","79","-183","60","99","7,317","2,847","2.57","1.76","4,164","31.60","1,317"
"65","Lake County","2005","7,284","115","26","89","-221","65","99","7,185","2,799","2.57","1.71","4,210","33.50","1,411"
"65","Lake County","2006","7,217","112","28","84","-151","55","99","7,118","2,777","2.56","1.68","4,243","34.60","1,466"
"65","Lake County","2007","7,271","119","53","66","-12","52","99","7,172","2,803","2.56","1.68","4,273","34.40","1,470"
"65","Lake County","2008","7,269","128","45","83","-85","52","99","7,170","2,806","2.56","1.67","4,304","34.80","1,498"
"65","Lake County","2009","7,174","120","37","83","-178","25","99","7,075","2,775","2.55","1.65","4,285","35.20","1,510"
"65","Lake County","2010","7,282","106","36","70","38","19","133","7,149","2,941","2.43","1.67","4,271","31.14","1,330"
"65","Lake County","2011","7,242","104","41","63","-103","17","72","7,170","2,956","2.43","1.68","4,272","30.81","1,316"
"65","Lake County","2012","7,103","72","40","32","-171","20","72","7,031","2,904","2.42","1.64","4,277","32.10","1,373"
"65","Lake County","2013","7,071","80","35","45","-77","0","74","6,997","2,896","2.42","1.64","4,277","32.29","1,381"
"65","Lake County","2014","7,085","80","43","37","-23","0","90","6,995","2,901","2.41","1.64","4,277","32.17","1,376"
"65","Lake County","2015","7,159","86","42","44","30","39","112","7,047","2,928","2.41","1.65","4,277","31.54","1,349"
"65","Lake County","2016","7,246","64","44","20","67","32","107","7,139","2,972","2.40","1.66","4,294","30.79","1,322"
"65","Lake County","2017","7,352","86","38","48","58","24","88","7,264","3,030","2.40","1.69","4,294","29.44","1,264"
"65","Lake County","2018","7,332","84","36","48","-68","51","83","7,249","3,030","2.39","1.69","4,300","29.53","1,270"
"65","Lake County","2019","7,555","99","26","73","150","37","96","7,459","3,124","2.39","1.73","4,302","27.38","1,178"
"65","Lake County","2020","7,413","75","27","48","-190","53","103","7,310","3,075","2.38","1.70","4,303","28.54","1,228"
"65","Lake County","2021","7,400","72","52","20","-33","64","90","7,310","3,107","2.35","1.68","4,348","28.54","1,241"
"65","Lake County","2022","7,353","83","48","35","-82","64","113","7,240","3,181","2.28","1.63","4,451","28.53","1,270"
"65","Lake County","2023","7,366","93","42","51","-38","52","121","7,245","3,226","2.25","1.61","4,514","28.53","1,288"
"65","Lake County","2024","7,353","76","40","36","-49","55","118","7,235","3,263","2.22","1.58","4,566","28.54","1,303"
"67","La Plata County","2001","45,645","475","218","257","810","421","1,828","43,817","18,067","2.43","2.02","21,728","16.90","3,661"
"67","La Plata County","2002","46,089","458","246","212","232","537","1,841","44,248","18,288","2.42","1.99","22,253","17.80","3,965"
"67","La Plata County","2003","46,447","479","271","208","150","501","1,841","44,606","18,475","2.41","1.97","22,632","18.40","4,157"
"67","La Plata County","2004","46,926","516","269","247","232","737","1,831","45,095","18,728","2.41","1.94","23,259","19.50","4,531"
"67","La Plata County","2005","47,713","501","245","256","531","732","1,839","45,874","19,094","2.40","1.92","23,858","20.00","4,764"
"67","La Plata County","2006","48,408","564","302","262","433","873","1,832","46,576","19,423","2.40","1.89","24,583","21.00","5,160"
"67","La Plata County","2007","49,146","597","280","317","421","690","1,838","47,308","19,758","2.39","1.88","25,160","21.50","5,402"
"67","La Plata County","2008","50,073","606","277","329","598","692","1,928","48,145","20,154","2.39","1.87","25,719","21.60","5,565"
"67","La Plata County","2009","50,759","593","275","318","368","336","1,910","48,849","20,488","2.38","1.89","25,813","20.60","5,325"
"67","La Plata County","2010","51,441","589","270","319","363","222","1,715","49,726","21,143","2.35","1.92","25,910","18.40","4,767"
"67","La Plata County","2011","51,803","543","246","297","65","154","1,707","50,096","21,354","2.35","1.92","26,063","18.07","4,709"
"67","La Plata County","2012","52,314","536","332","204","307","172","1,864","50,450","21,559","2.34","1.93","26,154","17.57","4,595"
"67","La Plata County","2013","53,146","495","315","180","652","274","2,079","51,067","21,878","2.33","1.94","26,262","16.69","4,384"
"67","La Plata County","2014","53,557","552","301","251","160","278","1,954","51,603","22,164","2.33","1.95","26,464","16.25","4,300"
"67","La Plata County","2015","54,300","579","345","234","509","336","1,996","52,304","22,522","2.32","1.96","26,672","15.56","4,150"
"67","La Plata County","2016","54,884","571","351","220","364","260","1,939","52,945","22,856","2.32","1.97","26,937","15.15","4,081"
"67","La Plata County","2017","55,034","503","353","150","0","564","1,855","53,179","23,015","2.31","1.96","27,145","15.21","4,130"
"67","La Plata County","2018","55,731","459","338","121","576","282","1,847","53,884","23,380","2.30","1.95","27,670","15.50","4,290"
"67","La Plata County","2019","55,509","421","345","76","-298","297","1,843","53,666","23,346","2.30","1.92","27,983","16.57","4,637"
"67","La Plata County","2020","55,673","481","371","110","54","253","1,740","53,933","23,575","2.29","1.91","28,302","16.70","4,727"
"67","La Plata County","2021","56,179","437","439","-2","508","415","1,542","54,637","23,792","2.30","1.91","28,562","16.70","4,770"
"67","La Plata County","2022","56,571","423","464","-41","433","389","1,884","54,687","24,090","2.27","1.89","28,918","16.70","4,828"
"67","La Plata County","2023","56,421","424","416","8","-158","357","1,885","54,536","24,383","2.24","1.86","29,270","16.70","4,887"
"67","La Plata County","2024","56,841","406","440","-34","454","208","1,904","54,937","24,688","2.23","1.85","29,626","16.67","4,938"
"69","Larimer County","2001","260,911","3,311","1,523","1,788","6,035","3,464","7,120","253,791","101,432","2.50","2.31","109,883","7.70","8,451"
"69","Larimer County","2002","266,171","3,289","1,516","1,773","3,487","3,628","7,120","259,051","103,935","2.49","2.28","113,808","8.70","9,873"
"69","Larimer County","2003","268,146","3,358","1,531","1,827","148","3,052","7,120","261,026","105,158","2.48","2.23","117,039","10.20","11,881"
"69","Larimer County","2004","273,269","3,500","1,551","1,949","3,174","3,030","7,770","265,499","107,379","2.47","2.21","120,291","10.70","12,912"
"69","Larimer County","2005","275,873","3,318","1,530","1,788","816","3,290","7,770","268,103","108,816","2.46","2.17","123,765","12.10","14,949"
"69","Larimer County","2006","281,027","3,511","1,540","1,971","3,183","2,907","7,770","273,257","111,307","2.45","2.16","126,495","12.00","15,188"
"69","Larimer County","2007","286,754","3,517","1,532","1,985","3,742","2,221","7,787","278,967","114,060","2.45","2.17","128,796","11.40","14,736"
"69","Larimer County","2008","292,394","3,425","1,687","1,738","3,902","1,331","7,812","284,582","116,799","2.44","2.18","130,534","10.50","13,735"
"69","Larimer County","2009","297,502","3,566","1,664","1,902","3,206","1,254","7,812","289,690","119,363","2.43","2.19","132,197","9.70","12,834"
"69","Larimer County","2010","300,532","3,378","1,818","1,560","1,470","1,153","8,530","292,002","120,666","2.42","2.19","133,171","9.39","12,505"
"69","Larimer County","2011","305,342","3,313","1,861","1,452","3,358","1,192","8,561","296,781","122,705","2.42","2.20","134,606","8.84","11,901"
"69","Larimer County","2012","310,952","3,407","1,871","1,536","4,074","1,868","8,817","302,135","124,983","2.42","2.22","136,123","8.18","11,140"
"69","Larimer County","2013","316,337","3,375","1,990","1,385","4,000","2,377","9,177","307,160","127,128","2.42","2.22","138,277","8.06","11,149"
"69","Larimer County","2014","324,123","3,490","1,986","1,504","6,282","2,498","9,677","314,446","130,211","2.41","2.23","140,988","7.64","10,777"
"69","Larimer County","2015","333,445","3,448","2,246","1,202","8,120","2,434","10,297","323,148","133,884","2.41","2.25","143,765","6.87","9,881"
"69","Larimer County","2016","339,128","3,463","2,182","1,281","4,402","3,532","10,432","328,696","136,253","2.41","2.25","146,124","6.76","9,871"
"69","Larimer County","2017","344,187","3,346","2,407","939","4,120","2,935","10,669","333,518","138,324","2.41","2.23","149,794","7.66","11,470"
"69","Larimer County","2018","350,661","3,284","2,396","888","5,586","2,944","10,888","339,773","140,992","2.41","2.22","152,984","7.84","11,992"
"69","Larimer County","2019","356,800","3,159","2,314","845","5,294","2,490","11,038","345,762","143,552","2.41","2.21","156,745","8.42","13,193"
"69","Larimer County","2020","359,957","3,092","2,466","626","2,531","2,565","11,684","348,273","145,428","2.39","2.18","159,912","9.08","14,484"
"69","Larimer County","2021","362,836","3,026","2,716","310","2,569","3,221","11,178","351,658","147,525","2.38","2.17","162,132","9.08","14,607"
"69","Larimer County","2022","368,062","3,123","2,899","224","5,002","2,572","12,118","355,944","149,870","2.38","2.16","164,661","9.08","14,791"
"69","Larimer County","2023","371,450","2,952","2,750","202","3,186","2,686","12,295","359,155","152,072","2.36","2.15","167,042","9.08","14,970"
"69","Larimer County","2024","374,387","3,025","2,736","289","2,648","1,786","12,162","362,225","153,999","2.35","2.14","169,132","9.08","15,133"
"71","Las Animas County","2001","15,310","165","209","-44","68","81","391","14,919","6,249","2.39","1.93","7,721","19.10","1,472"
"71","Las Animas County","2002","15,659","172","184","-12","361","76","578","15,081","6,344","2.38","1.94","7,790","18.60","1,446"
"71","Las Animas County","2003","16,089","168","162","6","424","104","870","15,219","6,432","2.37","1.93","7,887","18.50","1,455"
"71","Las Animas County","2004","15,700","176","186","-10","-379","72","868","14,832","6,295","2.36","1.86","7,953","20.90","1,658"
"71","Las Animas County","2005","15,570","177","165","12","-142","45","870","14,700","6,267","2.35","1.84","7,991","21.60","1,724"
"71","Las Animas County","2006","15,552","189","171","18","-36","54","873","14,679","6,287","2.33","1.83","8,037","21.80","1,750"
"71","Las Animas County","2007","15,525","177","152","25","-52","47","862","14,663","6,310","2.32","1.81","8,080","21.90","1,770"
"71","Las Animas County","2008","15,486","190","176","14","-53","60","866","14,620","6,321","2.31","1.79","8,161","22.60","1,840"
"71","Las Animas County","2009","15,477","193","165","28","-37","32","862","14,615","6,348","2.30","1.78","8,204","22.60","1,856"
"71","Las Animas County","2010","15,407","154","176","-22","-48","20","858","14,549","5,934","2.45","1.90","7,648","22.41","1,714"
"71","Las Animas County","2011","15,325","149","196","-47","-35","22","842","14,483","6,344","2.28","1.88","7,712","17.74","1,368"
"71","Las Animas County","2012","15,245","149","163","-14","-66","35","826","14,419","6,348","2.27","1.85","7,789","18.50","1,441"
"71","Las Animas County","2013","15,172","147","185","-38","-35","37","810","14,362","6,356","2.26","1.81","7,915","19.70","1,559"
"71","Las Animas County","2014","15,086","119","159","-40","-46","5","794","14,292","6,358","2.25","1.80","7,953","20.05","1,595"
"71","Las Animas County","2015","14,997","125","181","-56","-33","3","778","14,219","6,359","2.24","1.79","7,959","20.11","1,600"
"71","Las Animas County","2016","14,906","130","184","-54","-37","4","762","14,144","6,359","2.22","1.78","7,962","20.14","1,603"
"71","Las Animas County","2017","14,817","145","182","-37","-52","17","746","14,071","6,359","2.21","1.77","7,969","20.20","1,610"
"71","Las Animas County","2018","14,729","102","161","-59","-29","40","730","13,999","6,360","2.20","1.75","7,989","20.39","1,629"
"71","Las Animas County","2019","14,644","135","176","-41","-44","58","714","13,930","6,363","2.19","1.74","8,027","20.74","1,664"
"71","Las Animas County","2020","14,491","104","192","-88","-65","34","629","13,862","6,354","2.18","1.72","8,077","21.33","1,723"
"71","Las Animas County","2021","14,333","128","203","-75","-83","41","399","13,934","6,373","2.19","1.72","8,104","21.36","1,731"
"71","Las Animas County","2022","14,308","108","253","-145","120","44","393","13,915","6,401","2.17","1.71","8,143","21.39","1,742"
"71","Las Animas County","2023","14,419","117","211","-94","205","38","474","13,945","6,430","2.17","1.70","8,184","21.43","1,754"
"71","Las Animas County","2024","14,565","114","205","-91","237","37","685","13,880","6,456","2.15","1.69","8,220","21.46","1,764"
"73","Lincoln County","2001","6,076","52","61","-9","-78","13","1,044","5,032","2,079","2.42","2.09","2,412","13.80","333"
"73","Lincoln County","2002","6,047","59","63","-4","-25","7","1,046","5,001","2,074","2.41","2.07","2,413","14.10","339"
"73","Lincoln County","2003","6,052","62","60","2","3","8","1,046","5,006","2,085","2.40","2.07","2,416","13.70","331"
"73","Lincoln County","2004","5,907","63","46","17","-162","5","1,059","4,848","2,027","2.39","2.01","2,416","16.10","389"
"73","Lincoln County","2005","5,787","46","49","-3","-117","5","1,072","4,715","1,980","2.38","1.95","2,416","18.10","436"
"73","Lincoln County","2006","5,665","80","51","29","-151","6","1,077","4,588","1,933","2.37","1.90","2,416","20.00","483"
"73","Lincoln County","2007","5,571","61","56","5","-99","9","1,073","4,498","1,902","2.36","1.86","2,420","21.40","518"
"73","Lincoln County","2008","5,522","51","55","-4","-45","2","1,075","4,447","1,888","2.36","1.84","2,417","21.90","529"
"73","Lincoln County","2009","5,463","61","50","11","-70","1","1,088","4,375","1,865","2.35","1.81","2,420","22.90","555"
"73","Lincoln County","2010","5,474","57","48","9","2","1","1,030","4,444","1,810","2.46","1.98","2,242","19.27","432"
"73","Lincoln County","2011","5,488","64","52","12","2","4","1,026","4,462","1,950","2.29","1.99","2,243","13.06","293"
"73","Lincoln County","2012","5,503","50","56","-6","21","8","1,022","4,481","1,951","2.30","2.00","2,246","13.15","295"
"73","Lincoln County","2013","5,522","72","41","31","-12","5","1,018","4,504","1,953","2.31","2.00","2,257","13.49","304"
"73","Lincoln County","2014","5,538","49","47","2","14","2","1,014","4,524","1,954","2.32","2.00","2,264","13.71","310"
"73","Lincoln County","2015","5,553","69","66","3","12","15","1,010","4,543","1,954","2.32","2.00","2,266","13.77","312"
"73","Lincoln County","2016","5,573","52","59","-7","27","10","1,006","4,567","1,957","2.33","2.00","2,281","14.22","324"
"73","Lincoln County","2017","5,591","53","53","0","18","11","1,002","4,589","1,958","2.34","2.00","2,290","14.49","332"
"73","Lincoln County","2018","5,621","59","56","3","27","18","998","4,623","1,965","2.35","1.98","2,331","15.70","366"
"73","Lincoln County","2019","5,642","67","55","12","9","14","995","4,647","1,968","2.36","1.98","2,348","16.19","380"
"73","Lincoln County","2020","5,662","50","69","-19","39","9","984","4,678","1,981","2.36","1.98","2,359","16.02","378"
"73","Lincoln County","2021","5,476","42","62","-20","-166","10","774","4,702","1,992","2.36","1.98","2,373","16.06","381"
"73","Lincoln County","2022","5,522","52","63","-11","57","10","842","4,680","2,003","2.34","1.96","2,385","16.02","382"
"73","Lincoln County","2023","5,501","57","61","-4","-17","8","846","4,655","2,009","2.32","1.95","2,393","16.05","384"
"73","Lincoln County","2024","5,575","41","70","-29","103","10","988","4,587","2,013","2.28","1.91","2,398","16.06","385"
"75","Logan County","2001","22,354","270","206","64","1,635","71","2,322","20,032","8,218","2.44","2.35","8,531","3.70","313"
"75","Logan County","2002","22,095","250","204","46","-305","61","2,263","19,832","8,173","2.43","2.30","8,608","5.10","435"
"75","Logan County","2003","22,371","298","193","105","171","37","2,369","20,002","8,273","2.42","2.29","8,723","5.20","450"
"75","Logan County","2004","22,181","239","210","29","-219","53","2,324","19,857","8,252","2.41","2.26","8,805","6.30","553"
"75","Logan County","2005","22,088","223","202","21","-114","45","2,336","19,752","8,251","2.39","2.23","8,854","6.80","603"
"75","Logan County","2006","22,267","230","199","31","148","54","2,329","19,938","8,369","2.38","2.25","8,878","5.70","509"
"75","Logan County","2007","22,403","244","180","64","72","40","2,454","19,949","8,416","2.37","2.24","8,919","5.60","503"
"75","Logan County","2008","22,324","231","207","24","-103","19","2,419","19,905","8,442","2.36","2.22","8,962","5.80","520"
"75","Logan County","2009","22,517","253","194","59","134","11","2,455","20,062","8,552","2.35","2.23","8,990","4.90","438"
"75","Logan County","2010","22,293","206","202","4","-228","15","3,474","18,819","7,608","2.47","2.22","8,488","10.37","880"
"75","Logan County","2011","22,210","212","182","30","-113","13","3,433","18,777","8,041","2.34","2.21","8,503","5.43","462"
"75","Logan County","2012","22,131","223","182","41","-120","10","3,393","18,738","8,032","2.33","2.20","8,516","5.68","484"
"75","Logan County","2013","22,056","252","199","53","-128","21","3,352","18,704","8,025","2.33","2.19","8,526","5.88","501"
"75","Logan County","2014","21,964","240","239","1","-93","19","3,312","18,652","8,010","2.33","2.18","8,547","6.28","537"
"75","Logan County","2015","21,873","219","185","34","-125","27","3,271","18,602","7,996","2.33","2.17","8,567","6.67","571"
"75","Logan County","2016","21,772","223","257","-34","-67","14","3,230","18,542","7,977","2.32","2.16","8,593","7.16","616"
"75","Logan County","2017","21,691","237","228","9","-90","11","3,190","18,502","7,968","2.32","2.15","8,607","7.43","639"
"75","Logan County","2018","21,611","235","196","39","-119","20","3,149","18,461","7,958","2.32","2.14","8,621","7.70","663"
"75","Logan County","2019","21,504","207","215","-8","-99","24","3,109","18,395","7,937","2.32","2.13","8,650","8.24","713"
"75","Logan County","2020","21,205","238","237","1","-300","12","2,849","18,356","7,935","2.31","2.12","8,672","8.50","737"
"75","Logan County","2021","20,997","189","313","-124","-84","14","2,674","18,323","7,944","2.31","2.11","8,682","8.50","738"
"75","Logan County","2022","20,816","213","280","-67","-114","22","2,693","18,123","7,969","2.27","2.08","8,709","8.50","740"
"75","Logan County","2023","20,624","165","263","-98","-94","9","2,657","17,967","7,980","2.25","2.06","8,720","8.49","740"
"75","Logan County","2024","20,756","191","235","-44","176","12","2,756","18,000","7,983","2.25","2.06","8,724","8.49","741"
"77","Mesa County","2001","119,864","1,507","1,184","323","1,890","1,279","3,296","116,568","47,289","2.47","2.32","50,299","6.00","3,010"
"77","Mesa County","2002","121,787","1,522","1,161","361","1,562","1,219","3,296","118,491","48,078","2.46","2.30","51,456","6.60","3,378"
"77","Mesa County","2003","124,152","1,554","1,231","323","2,042","1,330","3,296","120,856","49,062","2.46","2.29","52,889","7.20","3,827"
"77","Mesa County","2004","126,626","1,708","1,200","508","1,966","1,548","3,296","123,330","50,104","2.46","2.27","54,221","7.60","4,117"
"77","Mesa County","2005","128,999","1,755","1,232","523","1,850","1,511","3,296","125,703","51,099","2.46","2.23","56,346","9.30","5,247"
"77","Mesa County","2006","133,128","1,859","1,270","589","3,540","1,449","3,584","129,544","52,649","2.46","2.22","58,239","9.60","5,590"
"77","Mesa County","2007","137,390","1,994","1,210","784","3,478","1,494","3,584","133,806","54,381","2.46","2.22","60,151","9.60","5,770"
"77","Mesa County","2008","140,680","2,062","1,353","709","2,581","1,296","3,627","137,053","55,703","2.46","2.22","61,775","9.80","6,072"
"77","Mesa County","2009","144,795","2,048","1,292","756","3,359","753","3,903","140,892","57,258","2.46","2.26","62,440","8.30","5,182"
"77","Mesa County","2010","147,155","2,021","1,309","712","1,648","408","4,467","142,688","57,942","2.46","2.27","62,994","8.02","5,052"
"77","Mesa County","2011","147,957","1,908","1,296","612","190","359","4,532","143,425","58,381","2.46","2.27","63,269","7.73","4,888"
"77","Mesa County","2012","147,939","1,818","1,306","512","-530","355","4,445","143,494","58,549","2.45","2.26","63,472","7.76","4,923"
"77","Mesa County","2013","147,926","1,854","1,378","476","-489","442","4,679","143,247","58,589","2.44","2.24","63,811","8.18","5,222"
"77","Mesa County","2014","147,876","1,760","1,382","378","-428","504","4,303","143,573","58,864","2.44","2.24","64,108","8.18","5,244"
"77","Mesa County","2015","148,774","1,826","1,492","334","564","486","4,557","144,217","59,271","2.43","2.23","64,529","8.15","5,258"
"77","Mesa County","2016","150,346","1,709","1,477","232","1,340","597","4,499","145,847","60,086","2.43","2.25","64,807","7.28","4,721"
"77","Mesa County","2017","152,148","1,656","1,518","138","1,664","755","4,502","147,646","60,974","2.42","2.26","65,240","6.54","4,266"
"77","Mesa County","2018","154,047","1,657","1,527","130","1,769","830","4,408","149,639","61,948","2.42","2.27","65,823","5.89","3,875"
"77","Mesa County","2019","155,108","1,604","1,543","61","1,000","818","4,306","150,802","62,582","2.41","2.26","66,587","6.01","4,005"
"77","Mesa County","2020","156,010","1,568","1,685","-117","1,019","1,004","3,948","152,062","63,401","2.40","2.25","67,692","6.34","4,291"
"77","Mesa County","2021","157,465","1,527","1,900","-373","1,828","1,231","3,873","153,592","64,280","2.39","2.24","68,630","6.34","4,350"
"77","Mesa County","2022","158,596","1,438","2,015","-577","1,708","969","4,129","154,467","65,302","2.37","2.22","69,719","6.34","4,417"
"77","Mesa County","2023","159,701","1,428","1,777","-349","1,454","1,246","4,113","155,588","66,552","2.34","2.19","71,053","6.34","4,501"
"77","Mesa County","2024","161,196","1,472","1,784","-312","1,807","1,014","4,160","157,036","67,280","2.33","2.19","71,829","6.34","4,549"
"79","Mineral County","2001","820","5","5","0","-17","14","1","819","376","2.18","0.73","1,126","66.60","750"
"79","Mineral County","2002","805","5","7","-2","-13","15","1","804","373","2.16","0.71","1,135","67.10","762"
"79","Mineral County","2003","830","6","4","2","23","16","1","829","387","2.14","0.73","1,143","66.10","756"
"79","Mineral County","2004","842","9","5","4","8","17","1","841","398","2.11","0.73","1,152","65.50","754"
"79","Mineral County","2005","806","2","5","-3","-33","19","1","805","383","2.10","0.69","1,163","67.10","780"
"79","Mineral County","2006","789","1","7","-6","-11","24","1","788","379","2.08","0.67","1,178","67.80","799"
"79","Mineral County","2007","803","5","5","0","14","23","1","802","389","2.06","0.67","1,192","67.40","803"
"79","Mineral County","2008","767","2","7","-5","-31","20","1","766","376","2.04","0.64","1,203","68.70","827"
"79","Mineral County","2009","714","5","5","0","-53","4","1","713","353","2.02","0.59","1,202","70.60","849"
"79","Mineral County","2010","705","9","8","1","-10","5","0","705","312","2.26","0.64","1,097","71.56","785"
"79","Mineral County","2011","712","5","3","2","5","9","0","712","354","2.01","0.65","1,102","67.89","748"
"79","Mineral County","2012","723","6","5","1","10","8","0","723","359","2.01","0.65","1,111","67.69","752"
"79","Mineral County","2013","734","4","4","0","11","14","0","734","363","2.02","0.66","1,119","67.52","756"
"79","Mineral County","2014","747","5","4","1","12","6","0","747","370","2.02","0.66","1,130","67.28","760"
"79","Mineral County","2015","755","6","7","-1","9","12","0","755","373","2.02","0.66","1,136","67.16","763"
"79","Mineral County","2016","770","8","6","2","13","14","0","770","380","2.03","0.67","1,148","66.91","768"
"79","Mineral County","2017","788","7","16","-9","27","19","0","788","388","2.03","0.68","1,162","66.62","774"
"79","Mineral County","2018","811","8","4","4","19","19","0","811","399","2.03","0.69","1,181","66.25","782"
"79","Mineral County","2019","834","3","4","-1","24","24","0","834","409","2.04","0.69","1,200","65.88","791"
"79","Mineral County","2020","871","7","11","-4","41","18","","871","426","2.04","0.71","1,223","65.17","797"
"79","Mineral County","2021","926","4","6","-2","57","8","","926","446","2.08","0.72","1,291","65.45","845"
"79","Mineral County","2022","924","8","13","-5","3","9","","924","449","2.06","0.71","1,299","65.43","850"
"79","Mineral County","2023","934","5","12","-7","17","9","","934","451","2.07","0.71","1,308","65.52","857"
"79","Mineral County","2024","934","7","13","-6","6","6","","934","455","2.05","0.71","1,317","65.45","862"
"81","Moffat County","2001","13,089","201","100","101","-194","40","311","12,778","4,965","2.57","2.24","5,712","13.10","747"
"81","Moffat County","2002","13,134","209","106","103","-58","43","311","12,823","4,996","2.57","2.23","5,760","13.30","764"
"81","Moffat County","2003","13,054","175","102","73","-153","59","311","12,743","4,980","2.56","2.18","5,850","14.90","870"
"81","Moffat County","2004","13,063","205","85","120","-111","60","311","12,752","4,999","2.55","2.16","5,909","15.40","910"
"81","Moffat County","2005","12,965","172","91","81","-179","69","311","12,654","4,976","2.54","2.12","5,978","16.80","1,002"
"81","Moffat County","2006","13,102","204","91","113","24","73","311","12,791","5,045","2.54","2.11","6,050","16.60","1,005"
"81","Moffat County","2007","13,270","215","108","107","61","49","311","12,959","5,126","2.53","2.13","6,098","15.90","972"
"81","Moffat County","2008","13,446","224","88","136","40","63","311","13,135","5,212","2.52","2.13","6,160","15.40","948"
"81","Moffat County","2009","13,544","224","80","144","-46","39","311","13,233","5,269","2.51","2.14","6,181","14.80","912"
"81","Moffat County","2010","13,806","217","103","114","148","7","102","13,704","5,269","2.60","2.30","5,962","11.62","693"
"81","Moffat County","2011","13,452","187","67","120","-474","10","104","13,348","5,337","2.50","2.24","5,969","10.58","632"
"81","Moffat County","2012","13,216","164","120","44","-280","11","105","13,111","5,252","2.50","2.19","5,979","12.16","727"
"81","Moffat County","2013","13,187","190","91","99","-128","9","107","13,080","5,249","2.49","2.18","5,990","12.38","741"
"81","Moffat County","2014","13,016","176","90","86","-257","9","109","12,907","5,189","2.49","2.15","5,999","13.51","810"
"81","Moffat County","2015","13,038","193","98","95","-73","7","110","12,928","5,206","2.48","2.15","6,008","13.35","802"
"81","Moffat County","2016","13,266","181","91","90","138","10","112","13,154","5,307","2.48","2.19","6,015","11.78","708"
"81","Moffat County","2017","13,223","178","103","75","-118","11","114","13,109","5,298","2.47","2.18","6,025","12.06","727"
"81","Moffat County","2018","13,291","155","99","56","12","7","116","13,175","5,334","2.47","2.18","6,047","11.78","713"
"81","Moffat County","2019","13,364","160","111","49","24","14","117","13,247","5,373","2.47","2.18","6,072","11.51","699"
"81","Moffat County","2020","13,267","140","118","22","-119","17","120","13,147","5,366","2.45","2.15","6,107","12.13","741"
"81","Moffat County","2021","13,163","147","159","-12","-92","15","110","13,053","5,372","2.43","2.13","6,115","12.15","743"
"81","Moffat County","2022","13,169","120","162","-42","48","20","110","13,059","5,380","2.43","2.13","6,124","12.15","744"
"81","Moffat County","2023","13,319","148","95","53","97","14","112","13,207","5,390","2.45","2.15","6,136","12.16","746"
"81","Moffat County","2024","13,186","149","103","46","-179","16","106","13,080","5,407","2.42","2.12","6,157","12.18","750"
"83","Montezuma County","2001","23,873","305","242","63","-42","40","438","23,435","9,283","2.52","2.19","10,687","13.10","1,404"
"83","Montezuma County","2002","24,109","330","278","52","184","59","438","23,671","9,429","2.51","2.18","10,861","13.20","1,432"
"83","Montezuma County","2003","24,378","309","236","73","196","38","438","23,940","9,590","2.50","2.17","11,014","12.90","1,424"
"83","Montezuma County","2004","24,607","316","231","85","144","26","438","24,169","9,738","2.48","2.17","11,162","12.80","1,424"
"83","Montezuma County","2005","24,603","306","260","46","-50","41","438","24,165","9,792","2.47","2.13","11,323","13.50","1,531"
"83","Montezuma County","2006","25,017","298","245","53","361","59","438","24,579","10,020","2.45","2.14","11,507","12.90","1,487"
"83","Montezuma County","2007","25,177","348","236","112","48","62","438","24,739","10,144","2.44","2.12","11,691","13.20","1,547"
"83","Montezuma County","2008","25,200","324","259","65","-42","42","438","24,762","10,214","2.42","2.09","11,861","13.90","1,647"
"83","Montezuma County","2009","25,365","320","256","64","101","19","438","24,927","10,343","2.41","2.08","11,994","13.80","1,651"
"83","Montezuma County","2010","25,532","317","270","47","120","14","237","25,295","10,397","2.43","2.12","11,932","12.86","1,535"
"83","Montezuma County","2011","25,519","308","288","20","-33","9","242","25,277","10,548","2.40","2.12","11,943","11.68","1,395"
"83","Montezuma County","2012","25,501","294","268","26","-44","12","247","25,254","10,553","2.39","2.11","11,951","11.70","1,398"
"83","Montezuma County","2013","25,485","293","252","41","-57","10","253","25,233","10,559","2.39","2.11","11,960","11.71","1,401"
"83","Montezuma County","2014","25,464","325","272","53","-74","15","258","25,206","10,564","2.39","2.11","11,966","11.72","1,402"
"83","Montezuma County","2015","25,522","329","241","88","-30","23","263","25,259","10,601","2.38","2.10","12,020","11.81","1,419"
"83","Montezuma County","2016","25,543","297","262","35","-14","23","268","25,275","10,623","2.38","2.10","12,052","11.86","1,429"
"83","Montezuma County","2017","25,556","251","281","-30","43","23","273","25,283","10,642","2.38","2.09","12,079","11.90","1,437"
"83","Montezuma County","2018","25,612","285","267","18","38","19","279","25,333","10,678","2.37","2.09","12,132","11.98","1,454"
"83","Montezuma County","2019","25,732","240","273","-33","153","26","284","25,448","10,742","2.37","2.08","12,224","12.12","1,482"
"83","Montezuma County","2020","25,891","248","293","-45","204","27","318","25,573","10,828","2.36","2.08","12,319","12.10","1,491"
"83","Montezuma County","2021","26,256","259","336","-77","442","22","312","25,944","10,848","2.39","2.10","12,342","12.11","1,494"
"83","Montezuma County","2022","26,511","242","387","-145","400","24","309","26,202","10,867","2.41","2.12","12,363","12.10","1,496"
"83","Montezuma County","2023","26,641","236","328","-92","222","25","313","26,328","10,892","2.42","2.12","12,390","12.09","1,498"
"83","Montezuma County","2024","26,861","228","326","-98","318","22","321","26,540","10,915","2.43","2.14","12,415","12.08","1,500"
"85","Montrose County","2001","34,442","469","314","155","710","300","550","33,892","13,474","2.52","2.33","14,563","7.50","1,089"
"85","Montrose County","2002","34,926","500","352","148","336","373","550","34,376","13,699","2.51","2.30","14,924","8.20","1,225"
"85","Montrose County","2003","35,640","449","345","104","610","295","550","35,090","14,020","2.50","2.28","15,407","9.00","1,387"
"85","Montrose County","2004","36,131","469","349","120","371","359","550","35,581","14,247","2.50","2.25","15,783","9.70","1,536"
"85","Montrose County","2005","36,997","515","309","206","660","486","550","36,447","14,622","2.49","2.25","16,217","9.80","1,595"
"85","Montrose County","2006","37,968","506","362","144","827","583","550","37,418","15,050","2.49","2.22","16,877","10.80","1,827"
"85","Montrose County","2007","39,131","504","364","140","1,023","536","550","38,581","15,550","2.48","2.21","17,478","11.00","1,928"
"85","Montrose County","2008","39,952","563","404","159","662","369","550","39,402","15,908","2.48","2.20","17,877","11.00","1,969"
"85","Montrose County","2009","40,680","554","368","186","542","189","550","40,130","16,222","2.47","2.22","18,083","10.30","1,861"
"85","Montrose County","2010","41,188","487","389","98","410","62","542","40,646","15,455","2.63","2.36","17,198","10.13","1,743"
"85","Montrose County","2011","41,260","492","399","93","-21","51","554","40,707","16,521","2.46","2.35","17,315","4.59","794"
"85","Montrose County","2012","41,303","402","450","-48","91","51","566","40,737","16,578","2.46","2.34","17,412","4.79","834"
"85","Montrose County","2013","41,331","455","383","72","-44","68","577","40,754","16,631","2.45","2.33","17,500","4.97","869"
"85","Montrose County","2014","41,388","481","388","93","-36","89","589","40,799","16,695","2.44","2.32","17,608","5.19","913"
"85","Montrose County","2015","41,457","454","459","-5","74","124","601","40,856","16,765","2.44","2.30","17,725","5.42","960"
"85","Montrose County","2016","41,594","423","431","-8","145","114","613","40,982","16,863","2.43","2.29","17,890","5.74","1,027"
"85","Montrose County","2017","41,768","466","456","10","164","210","625","41,143","16,976","2.42","2.28","18,081","6.11","1,105"
"85","Montrose County","2018","42,084","449","427","22","294","386","636","41,447","17,149","2.42","2.26","18,372","6.65","1,223"
"85","Montrose County","2019","42,500","359","422","-63","479","237","648","41,852","17,365","2.41","2.23","18,735","7.31","1,370"
"85","Montrose County","2020","42,814","406","470","-64","378","263","684","42,130","17,575","2.40","2.21","19,052","7.75","1,477"
"85","Montrose County","2021","43,242","381","527","-146","574","451","694","42,548","17,869","2.38","2.20","19,370","7.75","1,501"
"85","Montrose County","2022","43,847","402","609","-207","812","405","688","43,159","18,227","2.37","2.18","19,756","7.74","1,529"
"85","Montrose County","2023","44,287","402","532","-130","570","321","684","43,603","18,528","2.35","2.17","20,081","7.73","1,553"
"85","Montrose County","2024","44,748","410","537","-127","588","270","690","44,058","18,738","2.35","2.17","20,309","7.74","1,571"
"87","Morgan County","2001","27,475","475","276","199","25","113","484","26,991","9,696","2.78","2.55","10,569","8.30","873"
"87","Morgan County","2002","27,662","482","251","231","-44","94","484","27,178","9,806","2.77","2.54","10,679","8.20","873"
"87","Morgan County","2003","27,855","494","233","261","-68","135","484","27,371","9,915","2.76","2.53","10,825","8.40","910"
"87","Morgan County","2004","27,912","414","226","188","-131","122","479","27,433","9,979","2.75","2.50","10,964","9.00","985"
"87","Morgan County","2005","27,947","439","240","199","-164","139","580","27,367","9,998","2.74","2.46","11,117","10.10","1,119"
"87","Morgan County","2006","27,983","414","246","168","-132","129","715","27,268","10,005","2.73","2.42","11,262","11.20","1,257"
"87","Morgan County","2007","27,848","415","233","182","-317","82","674","27,174","10,017","2.71","2.39","11,360","11.80","1,343"
"87","Morgan County","2008","27,746","421","278","143","-245","52","705","27,041","10,011","2.70","2.37","11,430","12.40","1,419"
"87","Morgan County","2009","28,026","444","192","252","28","27","746","27,280","10,144","2.69","2.38","11,463","11.50","1,319"
"87","Morgan County","2010","28,196","447","239","208","-38","22","564","27,632","9,841","2.81","2.52","10,960","10.21","1,119"
"87","Morgan County","2011","28,430","460","277","183","51","10","554","27,876","10,311","2.70","2.54","10,972","6.02","661"
"87","Morgan County","2012","28,247","423","271","152","-335","18","544","27,703","10,321","2.68","2.52","10,997","6.15","676"
"87","Morgan County","2013","28,249","412","229","183","-181","19","534","27,715","10,334","2.68","2.51","11,033","6.34","699"
"87","Morgan County","2014","28,162","431","237","194","-281","20","524","27,638","10,347","2.67","2.50","11,069","6.52","722"
"87","Morgan County","2015","28,335","454","263","191","-18","78","514","27,821","10,365","2.68","2.50","11,118","6.77","753"
"87","Morgan County","2016","28,294","427","283","144","-185","34","504","27,790","10,371","2.68","2.50","11,135","6.86","764"
"87","Morgan County","2017","28,425","401","277","124","7","90","494","27,931","10,382","2.69","2.50","11,164","7.01","782"
"87","Morgan County","2018","28,933","469","271","198","310","146","484","28,449","10,414","2.73","2.53","11,251","7.44","837"
"87","Morgan County","2019","29,131","410","265","145","53","146","474","28,657","10,466","2.74","2.52","11,393","8.14","927"
"87","Morgan County","2020","29,082","430","323","107","-156","147","468","28,614","10,555","2.71","2.48","11,534","8.49","979"
"87","Morgan County","2021","29,017","377","305","72","-137","195","417","28,600","10,662","2.68","2.45","11,652","8.50","990"
"87","Morgan County","2022","29,396","419","321","98","281","181","416","28,980","10,831","2.68","2.45","11,836","8.49","1,005"
"87","Morgan County","2023","29,795","406","282","124","275","89","410","29,385","10,932","2.69","2.46","11,946","8.49","1,014"
"87","Morgan County","2024","30,302","407","279","128","379","196","412","29,890","11,039","2.71","2.48","12,063","8.49","1,024"
"89","Otero County","2001","19,900","298","217","81","-424","41","568","19,332","7,798","2.48","2.18","8,852","11.90","1,054"
"89","Otero County","2002","19,624","322","247","75","-351","35","568","19,056","7,723","2.47","2.15","8,875","13.00","1,152"
"89","Otero County","2003","19,667","296","227","69","-26","21","568","19,099","7,776","2.46","2.15","8,886","12.50","1,110"
"89","Otero County","2004","19,561","291","216","75","-181","44","568","18,993","7,768","2.45","2.13","8,920","12.90","1,152"
"89","Otero County","2005","19,370","300","245","55","-246","21","568","18,802","7,724","2.43","2.11","8,931","13.50","1,207"
"89","Otero County","2006","19,193","232","223","9","-186","13","568","18,625","7,688","2.42","2.08","8,933","13.90","1,245"
"89","Otero County","2007","18,937","255","216","39","-295","21","568","18,369","7,617","2.41","2.05","8,945","14.90","1,328"
"89","Otero County","2008","18,853","280","265","15","-99","37","568","18,285","7,619","2.40","2.04","8,971","15.10","1,352"
"89","Otero County","2009","18,844","230","229","1","-10","6","568","18,276","7,650","2.39","2.04","8,973","14.70","1,323"
"89","Otero County","2010","18,838","218","213","5","-11","3","433","18,405","7,490","2.46","2.12","8,689","13.80","1,199"
"89","Otero County","2011","18,831","245","216","29","-36","3","432","18,400","7,729","2.38","2.12","8,690","11.06","961"
"89","Otero County","2012","18,815","270","258","12","-28","4","430","18,385","7,723","2.38","2.11","8,693","11.15","970"
"89","Otero County","2013","18,799","188","220","-32","16","6","428","18,371","7,718","2.38","2.11","8,696","11.25","978"
"89","Otero County","2014","18,779","216","262","-46","26","2","427","18,352","7,710","2.38","2.11","8,700","11.38","990"
"89","Otero County","2015","18,817","193","240","-47","85","4","426","18,392","7,727","2.38","2.12","8,691","11.09","964"
"89","Otero County","2016","18,797","228","251","-23","3","3","424","18,373","7,720","2.38","2.11","8,695","11.22","975"
"89","Otero County","2017","18,763","215","219","-4","-30","4","422","18,340","7,706","2.38","2.11","8,702","11.44","996"
"89","Otero County","2018","18,756","228","234","-6","-1","6","421","18,335","7,704","2.38","2.11","8,703","11.47","999"
"89","Otero County","2019","18,734","199","254","-55","33","6","419","18,315","7,697","2.38","2.10","8,707","11.60","1,010"
"89","Otero County","2020","18,670","208","248","-40","-24","6","406","18,264","7,680","2.38","2.09","8,720","11.93","1,040"
"89","Otero County","2021","18,527","202","326","-124","-19","16","343","18,184","7,685","2.37","2.08","8,726","11.93","1,041"
"89","Otero County","2022","18,277","188","307","-119","-131","33","319","17,958","7,702","2.33","2.05","8,746","11.94","1,044"
"89","Otero County","2023","18,142","195","252","-57","-78","10","302","17,840","7,710","2.31","2.04","8,755","11.94","1,045"
"89","Otero County","2024","17,916","196","280","-84","-142","46","314","17,602","7,732","2.28","2.00","8,781","11.95","1,049"
"91","Ouray County","2001","3,809","40","25","15","19","64","18","3,791","1,618","2.34","1.70","2,233","27.50","615"
"91","Ouray County","2002","3,903","31","15","16","78","88","18","3,885","1,672","2.32","1.67","2,328","28.20","656"
"91","Ouray County","2003","3,905","31","26","5","-3","83","18","3,887","1,685","2.31","1.60","2,431","30.70","746"
"91","Ouray County","2004","4,023","35","26","9","109","107","18","4,005","1,748","2.29","1.56","2,566","31.90","818"
"91","Ouray County","2005","4,084","35","23","12","49","100","18","4,066","1,788","2.27","1.51","2,688","33.50","900"
"91","Ouray County","2006","4,137","38","26","12","41","88","18","4,119","1,823","2.26","1.44","2,852","36.10","1,029"
"91","Ouray County","2007","4,274","40","29","11","126","65","18","4,256","1,898","2.24","1.44","2,958","35.80","1,060"
"91","Ouray County","2008","4,407","42","21","21","112","61","18","4,389","1,973","2.22","1.45","3,036","35.00","1,063"
"91","Ouray County","2009","4,372","26","21","5","-40","35","18","4,354","1,973","2.21","1.42","3,066","35.70","1,093"
"91","Ouray County","2010","4,446","38","27","11","63","20","0","4,446","2,026","2.19","1.44","3,088","34.39","1,062"
"91","Ouray County","2011","4,404","29","19","10","-52","19","0","4,404","2,013","2.19","1.42","3,097","35.00","1,084"
"91","Ouray County","2012","4,478","33","20","13","61","23","0","4,478","2,054","2.18","1.44","3,104","33.83","1,050"
"91","Ouray County","2013","4,515","32","33","-1","38","29","0","4,515","2,078","2.17","1.45","3,112","33.23","1,034"
"91","Ouray County","2014","4,528","34","44","-10","23","33","0","4,528","2,091","2.17","1.45","3,126","33.11","1,035"
"91","Ouray County","2015","4,550","21","29","-8","30","35","0","4,550","2,108","2.16","1.45","3,144","32.95","1,036"
"91","Ouray County","2016","4,721","34","34","0","171","49","0","4,721","2,194","2.15","1.49","3,164","30.66","970"
"91","Ouray County","2017","4,730","31","22","9","0","49","0","4,730","2,206","2.14","1.48","3,200","31.06","994"
"91","Ouray County","2018","4,736","23","35","-12","18","61","0","4,736","2,216","2.14","1.46","3,242","31.65","1,026"
"91","Ouray County","2019","4,886","17","36","-19","169","61","0","4,886","2,295","2.13","1.49","3,289","30.22","994"
"91","Ouray County","2020","4,877","25","19","6","-15","71","","4,877","2,298","2.12","1.47","3,315","30.68","1,017"
"91","Ouray County","2021","5,052","38","37","1","174","146","","5,052","2,335","2.16","1.50","3,369","30.69","1,034"
"91","Ouray County","2022","5,096","30","38","-8","52","74","","5,096","2,387","2.13","1.48","3,445","30.71","1,058"
"91","Ouray County","2023","5,177","33","44","-11","92","77","","5,177","2,462","2.10","1.46","3,543","30.51","1,081"
"91","Ouray County","2024","5,191","31","49","-18","32","96","","5,191","2,514","2.06","1.44","3,612","30.40","1,098"
"93","Park County","2001","15,172","168","55","113","330","422","70","15,102","6,223","2.43","1.34","11,265","44.80","5,042"
"93","Park County","2002","15,417","170","70","100","145","380","70","15,347","6,382","2.40","1.31","11,679","45.40","5,297"
"93","Park County","2003","15,789","173","67","106","266","338","70","15,719","6,595","2.38","1.30","12,054","45.30","5,459"
"93","Park County","2004","15,913","149","72","77","47","292","70","15,843","6,704","2.36","1.28","12,384","45.90","5,680"
"93","Park County","2005","16,061","166","58","108","40","313","70","15,991","6,824","2.34","1.26","12,739","46.40","5,915"
"93","Park County","2006","16,128","161","65","96","-29","281","70","16,058","6,915","2.32","1.23","13,063","47.10","6,148"
"93","Park County","2007","16,336","150","71","79","129","306","70","16,266","7,065","2.30","1.21","13,412","47.30","6,347"
"93","Park County","2008","16,278","135","71","64","-122","227","70","16,208","7,104","2.28","1.18","13,684","48.10","6,580"
"93","Park County","2009","15,971","149","64","85","-392","154","70","15,901","7,033","2.26","1.15","13,833","49.20","6,800"
"93","Park County","2010","16,262","121","82","39","252","95","92","16,170","7,120","2.27","1.17","13,798","48.40","6,678"
"93","Park County","2011","15,896","117","82","35","-401","73","85","15,811","7,047","2.24","1.15","13,803","48.95","6,756"
"93","Park County","2012","15,739","109","77","32","-189","71","79","15,660","6,987","2.24","1.13","13,806","49.39","6,819"
"93","Park County","2013","15,730","97","73","24","-33","56","73","15,657","6,993","2.24","1.13","13,809","49.36","6,816"
"93","Park County","2014","15,778","96","85","11","37","88","67","15,711","7,024","2.24","1.14","13,811","49.14","6,787"
"93","Park County","2015","15,975","115","90","25","172","123","60","15,915","7,123","2.23","1.15","13,812","48.43","6,689"
"93","Park County","2016","16,461","118","98","20","466","137","53","16,408","7,351","2.23","1.19","13,813","46.78","6,462"
"93","Park County","2017","16,866","113","101","12","393","154","47","16,819","7,543","2.23","1.22","13,814","45.40","6,271"
"93","Park County","2018","17,366","124","99","25","475","182","41","17,325","7,777","2.23","1.25","13,820","43.73","6,043"
"93","Park County","2019","17,512","135","118","17","129","174","35","17,477","7,853","2.23","1.25","13,992","43.88","6,139"
"93","Park County","2020","17,419","140","111","29","-122","162","26","17,393","7,827","2.22","1.23","14,141","44.65","6,314"
"93","Park County","2021","17,740","125","132","-7","328","193","26","17,714","7,938","2.23","1.23","14,344","44.66","6,406"
"93","Park County","2022","17,914","137","142","-5","179","193","26","17,888","8,020","2.23","1.23","14,495","44.67","6,475"
"93","Park County","2023","18,124","151","141","10","200","191","26","18,098","8,084","2.24","1.24","14,610","44.67","6,526"
"93","Park County","2024","18,327","142","141","1","202","140","26","18,301","8,148","2.25","1.24","14,725","44.67","6,577"
"95","Phillips County","2001","4,487","52","55","-3","38","9","89","4,398","1,790","2.46","2.17","2,023","11.50","233"
"95","Phillips County","2002","4,496","58","56","2","7","13","89","4,407","1,797","2.45","2.17","2,035","11.70","238"
"95","Phillips County","2003","4,477","57","53","4","-23","9","89","4,388","1,793","2.45","2.15","2,042","12.20","249"
"95","Phillips County","2004","4,580","71","63","8","95","9","89","4,491","1,839","2.44","2.19","2,049","10.30","210"
"95","Phillips County","2005","4,548","69","38","31","-63","13","89","4,459","1,830","2.44","2.17","2,059","11.10","229"
"95","Phillips County","2006","4,504","58","51","7","-51","9","89","4,415","1,817","2.43","2.14","2,067","12.10","250"
"95","Phillips County","2007","4,484","72","37","35","-55","8","89","4,395","1,812","2.43","2.12","2,073","12.60","261"
"95","Phillips County","2008","4,451","53","58","-5","-28","6","89","4,362","1,802","2.42","2.10","2,077","13.20","275"
"95","Phillips County","2009","4,454","47","44","3","0","3","89","4,365","1,808","2.41","2.10","2,083","13.20","275"
"95","Phillips County","2010","4,465","59","54","5","6","3","60","4,405","1,704","2.59","2.26","1,945","12.39","241"
"95","Phillips County","2011","4,473","51","61","-10","18","2","61","4,412","1,829","2.41","2.26","1,948","6.13","119"
"95","Phillips County","2012","4,482","55","50","5","4","14","62","4,419","1,828","2.42","2.27","1,950","6.24","122"
"95","Phillips County","2013","4,486","41","49","-8","12","6","63","4,423","1,826","2.42","2.25","1,964","7.02","138"
"95","Phillips County","2014","4,494","65","49","16","-8","9","64","4,430","1,826","2.43","2.25","1,967","7.18","141"
"95","Phillips County","2015","4,499","57","55","2","3","9","66","4,433","1,824","2.43","2.24","1,979","7.83","155"
"95","Phillips County","2016","4,505","68","45","23","-17","1","67","4,438","1,823","2.43","2.23","1,988","8.32","165"
"95","Phillips County","2017","4,514","53","51","2","7","18","68","4,446","1,822","2.44","2.24","1,989","8.37","167"
"95","Phillips County","2018","4,515","41","55","-14","15","11","69","4,447","1,819","2.44","2.21","2,010","9.48","191"
"95","Phillips County","2019","4,520","52","44","8","-3","5","70","4,450","1,818","2.45","2.20","2,021","10.06","203"
"95","Phillips County","2020","4,523","48","57","-9","12","3","70","4,453","1,818","2.45","2.20","2,026","10.27","208"
"95","Phillips County","2021","4,499","57","79","-22","-2","8","59","4,440","1,821","2.44","2.19","2,029","10.25","208"
"95","Phillips County","2022","4,450","45","77","-32","-17","10","58","4,392","1,830","2.40","2.15","2,039","10.25","209"
"95","Phillips County","2023","4,471","54","70","-16","37","6","58","4,413","1,840","2.40","2.15","2,050","10.24","210"
"95","Phillips County","2024","4,484","51","43","8","5","3","58","4,426","1,844","2.40","2.15","2,056","10.31","212"
"97","Pitkin County","2001","16,184","165","48","117","303","287","328","15,856","7,446","2.13","1.31","12,117","38.60","4,671"
"97","Pitkin County","2002","16,101","170","32","138","-221","120","328","15,773","7,410","2.13","1.30","12,166","39.10","4,756"
"97","Pitkin County","2003","16,275","166","44","122","52","134","328","15,947","7,492","2.13","1.30","12,229","38.70","4,737"
"97","Pitkin County","2004","16,077","155","39","116","-314","113","328","15,749","7,401","2.13","1.28","12,272","39.70","4,871"
"97","Pitkin County","2005","16,136","172","50","122","-63","118","328","15,808","7,432","2.13","1.28","12,356","39.90","4,924"
"97","Pitkin County","2006","16,087","157","35","122","-171","147","328","15,759","7,411","2.13","1.26","12,485","40.60","5,074"
"97","Pitkin County","2007","16,236","166","40","126","23","211","328","15,908","7,485","2.13","1.26","12,653","40.80","5,168"
"97","Pitkin County","2008","16,673","162","43","119","318","168","328","16,345","7,703","2.12","1.27","12,920","40.40","5,217"
"97","Pitkin County","2009","17,053","171","44","127","253","115","328","16,725","7,889","2.12","1.29","12,979","39.20","5,090"
"97","Pitkin County","2010","17,156","141","38","103","0","44","72","17,084","7,825","2.18","1.37","12,488","37.34","4,663"
"97","Pitkin County","2011","17,128","175","53","122","-150","33","72","17,056","8,120","2.10","1.36","12,567","35.39","4,447"
"97","Pitkin County","2012","17,201","128","51","77","-4","23","72","17,129","8,132","2.11","1.36","12,636","35.64","4,504"
"97","Pitkin County","2013","17,321","124","43","81","39","45","72","17,249","8,166","2.11","1.36","12,699","35.70","4,533"
"97","Pitkin County","2014","17,521","132","59","73","127","98","72","17,449","8,237","2.12","1.37","12,780","35.55","4,543"
"97","Pitkin County","2015","17,701","127","52","75","105","103","72","17,629","8,299","2.12","1.37","12,853","35.43","4,554"
"97","Pitkin County","2016","17,691","146","65","81","-91","54","72","17,619","8,271","2.13","1.36","12,940","36.08","4,669"
"97","Pitkin County","2017","17,658","163","49","114","-147","53","72","17,586","8,233","2.14","1.35","13,040","36.86","4,807"
"97","Pitkin County","2018","17,643","119","73","46","-61","83","72","17,571","8,203","2.14","1.34","13,107","37.42","4,904"
"97","Pitkin County","2019","17,413","148","59","89","-319","51","72","17,341","8,073","2.15","1.32","13,183","38.76","5,110"
"97","Pitkin County","2020","17,358","146","59","87","-142","72","47","17,311","8,030","2.16","1.31","13,248","39.39","5,218"
"97","Pitkin County","2021","17,341","128","83","45","-62","97","47","17,294","8,073","2.14","1.30","13,314","39.36","5,241"
"97","Pitkin County","2022","16,868","120","67","53","-526","99","47","16,821","8,128","2.07","1.26","13,398","39.33","5,270"
"97","Pitkin County","2023","16,679","133","63","70","-259","36","47","16,632","8,259","2.01","1.22","13,612","39.33","5,353"
"97","Pitkin County","2024","16,593","100","59","41","-127","147","47","16,546","8,306","1.99","1.21","13,677","39.27","5,371"
"99","Prowers County","2001","14,109","269","141","128","-472","17","300","13,809","5,213","2.65","2.31","5,987","12.90","774"
"99","Prowers County","2002","14,011","247","146","101","-199","13","300","13,711","5,217","2.63","2.29","5,986","12.90","769"
"99","Prowers County","2003","13,822","242","120","122","-311","15","300","13,522","5,181","2.61","2.25","6,000","13.70","819"
"99","Prowers County","2004","13,656","204","126","78","-244","8","300","13,356","5,157","2.59","2.23","5,997","14.00","840"
"99","Prowers County","2005","13,510","233","103","130","-276","8","300","13,210","5,137","2.57","2.20","5,994","14.30","857"
"99","Prowers County","2006","13,208","187","99","88","-390","11","300","12,908","5,058","2.55","2.15","5,997","15.70","939"
"99","Prowers County","2007","12,772","189","131","58","-494","3","300","12,472","4,925","2.53","2.09","5,958","17.30","1,033"
"99","Prowers County","2008","12,682","190","128","62","-152","10","300","12,382","4,926","2.51","2.08","5,951","17.20","1,025"
"99","Prowers County","2009","12,576","191","146","45","-151","0","300","12,276","4,924","2.49","2.06","5,948","17.20","1,024"
"99","Prowers County","2010","12,531","186","123","63","-108","2","315","12,216","4,499","2.72","2.25","5,419","16.98","920"
"99","Prowers County","2011","12,478","142","149","-7","-46","2","320","12,158","4,899","2.48","2.24","5,422","9.64","523"
"99","Prowers County","2012","12,398","188","127","61","-141","3","326","12,072","4,842","2.49","2.22","5,428","10.79","586"
"99","Prowers County","2013","12,287","167","118","49","-160","0","331","11,956","4,804","2.49","2.20","5,432","11.56","628"
"99","Prowers County","2014","12,023","145","103","42","-306","1","336","11,687","4,756","2.46","2.15","5,437","12.52","681"
"99","Prowers County","2015","11,891","165","127","38","-170","6","342","11,549","4,718","2.45","2.12","5,441","13.29","723"
"99","Prowers County","2016","11,887","185","149","36","-40","6","347","11,540","4,670","2.47","2.12","5,446","14.25","776"
"99","Prowers County","2017","11,930","160","123","37","6","3","352","11,578","4,680","2.47","2.13","5,445","14.06","765"
"99","Prowers County","2018","11,971","165","133","32","9","1","357","11,614","4,766","2.44","2.14","5,436","12.33","670"
"99","Prowers County","2019","12,011","150","130","20","20","3","363","11,648","4,794","2.43","2.14","5,433","11.76","639"
"99","Prowers County","2020","12,013","159","126","33","-31","15","361","11,652","4,730","2.46","2.14","5,436","12.99","706"
"99","Prowers County","2021","11,937","144","177","-33","-43","8","341","11,596","4,739","2.45","2.13","5,446","12.98","707"
"99","Prowers County","2022","11,825","140","165","-25","-87","15","327","11,498","4,742","2.42","2.11","5,449","12.97","707"
"99","Prowers County","2023","11,779","155","136","19","-65","5","333","11,446","4,746","2.41","2.10","5,455","13.00","709"
"99","Prowers County","2024","11,944","137","127","10","155","18","308","11,636","4,751","2.45","2.13","5,460","12.99","709"
"101","Pueblo County","2001","143,996","2,004","1,393","611","1,531","1,067","4,081","139,915","55,754","2.51","2.31","60,453","7.80","4,699"
"101","Pueblo County","2002","146,481","1,985","1,482","503","1,982","1,353","4,185","142,296","56,821","2.50","2.30","61,792","8.00","4,971"
"101","Pueblo County","2003","147,972","2,060","1,451","609","882","1,265","4,032","143,940","57,613","2.50","2.28","63,222","8.90","5,609"
"101","Pueblo County","2004","148,720","1,946","1,526","420","328","1,249","3,974","144,746","58,060","2.49","2.24","64,483","10.00","6,423"
"101","Pueblo County","2005","149,969","1,993","1,546","447","802","1,189","3,975","145,994","58,699","2.49","2.22","65,740","10.70","7,041"
"101","Pueblo County","2006","152,064","2,014","1,412","602","1,493","1,135","3,930","148,134","59,689","2.48","2.21","66,899","10.80","7,210"
"101","Pueblo County","2007","154,759","2,143","1,509","634","2,061","1,237","4,202","150,557","60,810","2.48","2.21","68,087","10.70","7,277"
"101","Pueblo County","2008","156,252","2,167","1,608","559","934","642","4,111","152,141","61,613","2.47","2.21","68,803","10.50","7,190"
"101","Pueblo County","2009","157,324","2,038","1,558","480","592","399","4,142","153,182","62,213","2.46","2.22","69,140","10.00","6,927"
"101","Pueblo County","2010","159,496","2,070","1,542","528","1,644","234","4,321","155,175","63,148","2.46","2.23","69,614","9.29","6,466"
"101","Pueblo County","2011","159,838","1,865","1,651","214","128","118","3,904","155,934","63,467","2.46","2.23","69,825","9.11","6,358"
"101","Pueblo County","2012","160,327","1,878","1,591","287","202","266","4,063","156,264","63,612","2.46","2.23","69,927","9.03","6,315"
"101","Pueblo County","2013","160,565","1,852","1,622","230","8","158","4,009","156,556","63,742","2.46","2.23","70,176","9.17","6,434"
"101","Pueblo County","2014","160,867","1,921","1,631","290","12","157","3,941","156,926","63,902","2.46","2.23","70,410","9.24","6,508"
"101","Pueblo County","2015","162,449","1,874","1,734","140","1,442","282","3,907","158,542","64,572","2.46","2.25","70,455","8.35","5,883"
"101","Pueblo County","2016","164,124","1,851","1,714","137","1,538","282","3,886","160,238","65,275","2.45","2.27","70,696","7.67","5,421"
"101","Pueblo County","2017","165,549","1,788","1,785","3","1,422","368","3,984","161,565","65,825","2.45","2.28","70,831","7.07","5,006"
"101","Pueblo County","2018","166,686","1,824","1,836","-12","1,149","479","3,955","162,731","66,311","2.45","2.29","71,066","6.69","4,755"
"101","Pueblo County","2019","167,486","1,817","1,878","-61","861","488","3,947","163,539","66,652","2.45","2.28","71,576","6.88","4,924"
"101","Pueblo County","2020","168,339","1,729","1,999","-270","1,123","579","3,344","164,995","67,246","2.45","2.29","72,143","6.79","4,897"
"101","Pueblo County","2021","169,307","1,690","2,399","-709","1,677","742","3,237","166,070","68,079","2.44","2.27","73,039","6.79","4,960"
"101","Pueblo County","2022","169,404","1,710","2,608","-898","995","497","3,458","165,946","68,923","2.41","2.24","73,946","6.79","5,023"
"101","Pueblo County","2023","169,681","1,694","2,152","-458","735","297","3,563","166,118","69,507","2.39","2.23","74,574","6.79","5,067"
"101","Pueblo County","2024","169,916","1,685","2,055","-370","605","269","3,704","166,212","69,867","2.38","2.22","74,961","6.79","5,094"
"103","Rio Blanco County","2001","5,880","66","57","9","-98","17","232","5,648","2,270","2.49","1.96","2,887","21.40","617"
"103","Rio Blanco County","2002","5,936","67","40","27","29","24","232","5,704","2,299","2.48","1.95","2,919","21.20","620"
"103","Rio Blanco County","2003","5,855","75","35","40","-121","17","232","5,623","2,274","2.47","1.90","2,952","23.00","678"
"103","Rio Blanco County","2004","5,904","76","47","29","20","22","232","5,672","2,298","2.47","1.89","3,004","23.50","706"
"103","Rio Blanco County","2005","5,818","75","58","17","-103","38","232","5,586","2,269","2.46","1.83","3,052","25.70","783"
"103","Rio Blanco County","2006","5,981","93","50","43","120","47","232","5,749","2,342","2.45","1.85","3,106","24.60","764"
"103","Rio Blanco County","2007","6,093","100","52","48","64","47","232","5,861","2,392","2.45","1.85","3,171","24.60","779"
"103","Rio Blanco County","2008","6,160","109","43","66","1","74","232","5,928","2,428","2.44","1.82","3,253","25.40","825"
"103","Rio Blanco County","2009","6,317","90","40","50","107","62","232","6,085","2,500","2.43","1.85","3,292","24.10","792"
"103","Rio Blanco County","2010","6,617","101","43","58","242","22","235","6,382","2,531","2.52","2.01","3,172","20.21","641"
"103","Rio Blanco County","2011","6,736","106","40","66","53","16","367","6,369","2,620","2.43","1.99","3,195","17.98","575"
"103","Rio Blanco County","2012","6,793","73","55","18","39","8","434","6,359","2,616","2.43","1.98","3,213","18.58","597"
"103","Rio Blanco County","2013","6,764","81","52","29","-58","14","406","6,358","2,616","2.43","1.98","3,214","18.61","598"
"103","Rio Blanco County","2014","6,644","70","58","12","-132","10","290","6,354","2,614","2.43","1.97","3,223","18.91","609"
"103","Rio Blanco County","2015","6,621","83","53","30","-53","11","269","6,352","2,613","2.43","1.97","3,226","19.01","613"
"103","Rio Blanco County","2016","6,616","75","62","13","-18","6","267","6,349","2,611","2.43","1.96","3,232","19.20","621"
"103","Rio Blanco County","2017","6,568","67","45","22","-70","13","224","6,344","2,609","2.43","1.96","3,241","19.49","632"
"103","Rio Blanco County","2018","6,588","82","56","26","-6","19","250","6,338","2,607","2.43","1.95","3,252","19.85","645"
"103","Rio Blanco County","2019","6,528","52","55","-3","-57","9","200","6,328","2,602","2.43","1.94","3,269","20.39","667"
"103","Rio Blanco County","2020","6,522","54","46","8","-14","8","220","6,302","2,596","2.43","1.92","3,279","20.83","683"
"103","Rio Blanco County","2021","6,445","57","68","-11","-66","12","185","6,260","2,598","2.41","1.91","3,283","20.87","685"
"103","Rio Blanco County","2022","6,557","64","73","-9","121","32","206","6,351","2,608","2.44","1.93","3,296","20.87","688"
"103","Rio Blanco County","2023","6,581","50","57","-7","31","10","206","6,375","2,631","2.42","1.92","3,327","20.92","696"
"103","Rio Blanco County","2024","6,601","44","48","-4","24","8","204","6,397","2,641","2.42","1.92","3,338","20.88","697"
"105","Rio Grande County","2001","12,406","178","132","46","-69","120","251","12,155","4,725","2.57","1.99","6,117","22.80","1,392"
"105","Rio Grande County","2002","12,409","175","134","41","-38","89","251","12,158","4,747","2.56","1.96","6,195","23.40","1,448"
"105","Rio Grande County","2003","12,619","174","127","47","163","86","251","12,368","4,853","2.55","1.97","6,265","22.50","1,412"
"105","Rio Grande County","2004","12,824","173","130","43","162","98","251","12,573","4,955","2.54","1.99","6,332","21.80","1,377"
"105","Rio Grande County","2005","12,696","184","133","51","-179","97","251","12,445","4,928","2.53","1.93","6,439","23.50","1,511"
"105","Rio Grande County","2006","12,439","191","119","72","-329","68","251","12,188","4,849","2.51","1.88","6,496","25.40","1,647"
"105","Rio Grande County","2007","12,167","147","138","9","-281","60","251","11,916","4,763","2.50","1.81","6,568","27.50","1,805"
"105","Rio Grande County","2008","12,105","157","122","35","-97","47","251","11,854","4,765","2.49","1.79","6,614","28.00","1,849"
"105","Rio Grande County","2009","11,995","159","125","34","-144","42","251","11,744","4,742","2.48","1.77","6,635","28.50","1,893"
"105","Rio Grande County","2010","12,001","166","125","41","-35","21","198","11,803","4,534","2.60","1.88","6,266","27.64","1,732"
"105","Rio Grande County","2011","11,957","150","122","28","-72","14","192","11,765","4,788","2.46","1.87","6,301","24.02","1,513"
"105","Rio Grande County","2012","11,912","130","127","3","-48","15","185","11,727","4,788","2.45","1.85","6,327","24.33","1,539"
"105","Rio Grande County","2013","11,868","150","129","21","-65","12","179","11,689","4,788","2.44","1.84","6,365","24.77","1,577"
"105","Rio Grande County","2014","11,823","149","113","36","-81","12","172","11,651","4,789","2.43","1.83","6,384","24.99","1,595"
"105","Rio Grande County","2015","11,778","127","131","-4","-41","14","166","11,612","4,789","2.42","1.81","6,407","25.25","1,618"
"105","Rio Grande County","2016","11,734","138","128","10","-54","5","160","11,574","4,789","2.42","1.80","6,431","25.53","1,642"
"105","Rio Grande County","2017","11,688","118","134","-16","-30","23","153","11,535","4,790","2.41","1.79","6,440","25.63","1,650"
"105","Rio Grande County","2018","11,644","125","137","-12","-32","20","147","11,498","4,790","2.40","1.77","6,483","26.11","1,693"
"105","Rio Grande County","2019","11,600","126","121","5","-49","18","140","11,460","4,791","2.39","1.76","6,506","26.37","1,715"
"105","Rio Grande County","2020","11,537","111","146","-35","-28","31","134","11,403","4,791","2.38","1.74","6,535","26.69","1,744"
"105","Rio Grande County","2021","11,408","122","161","-39","-90","35","124","11,284","4,819","2.34","1.72","6,575","26.71","1,756"
"105","Rio Grande County","2022","11,330","109","173","-64","-14","48","107","11,223","4,851","2.31","1.69","6,624","26.77","1,773"
"105","Rio Grande County","2023","11,208","121","137","-16","-106","57","118","11,090","4,894","2.27","1.66","6,691","26.86","1,797"
"105","Rio Grande County","2024","11,139","111","149","-38","-31","47","126","11,013","4,940","2.23","1.63","6,757","26.89","1,817"
"107","Routt County","2001","20,436","204","81","123","190","512","257","20,179","8,327","2.42","1.61","12,534","33.60","4,207"
"107","Routt County","2002","20,892","222","69","153","303","275","257","20,635","8,527","2.42","1.59","12,939","34.10","4,412"
"107","Routt County","2003","21,128","235","67","168","68","221","257","20,871","8,647","2.41","1.59","13,137","34.20","4,489"
"107","Routt County","2004","21,293","229","61","168","-3","313","257","21,036","8,739","2.41","1.56","13,443","35.00","4,704"
"107","Routt County","2005","21,453","239","68","171","-11","347","257","21,196","8,831","2.40","1.53","13,856","36.30","5,025"
"107","Routt County","2006","21,886","249","91","158","275","459","330","21,556","9,001","2.39","1.49","14,429","37.60","5,428"
"107","Routt County","2007","22,415","258","88","170","359","405","337","22,078","9,240","2.39","1.49","14,838","37.70","5,598"
"107","Routt County","2008","22,931","267","95","172","344","568","337","22,594","9,484","2.38","1.46","15,517","38.90","6,033"
"107","Routt County","2009","23,325","260","88","172","222","376","337","22,988","9,673","2.38","1.42","16,143","40.10","6,470"
"107","Routt County","2010","23,439","247","90","157","-43","27","335","23,104","9,440","2.45","1.48","15,591","39.45","6,151"
"107","Routt County","2011","23,485","228","88","140","-94","42","337","23,148","9,876","2.34","1.48","15,617","36.76","5,741"
"107","Routt County","2012","23,525","216","92","124","-84","54","338","23,186","9,887","2.35","1.48","15,638","36.78","5,751"
"107","Routt County","2013","23,578","202","101","101","-48","60","340","23,238","9,903","2.35","1.48","15,670","36.80","5,767"
"107","Routt County","2014","23,659","208","103","105","-24","132","341","23,318","9,932","2.35","1.48","15,725","36.84","5,793"
"107","Routt County","2015","23,824","214","101","113","52","102","343","23,481","9,996","2.35","1.48","15,848","36.93","5,852"
"107","Routt County","2016","23,952","246","107","139","-11","163","345","23,608","10,045","2.35","1.48","15,941","36.99","5,896"
"107","Routt County","2017","24,162","229","123","106","104","115","346","23,816","10,127","2.35","1.48","16,100","37.10","5,973"
"107","Routt County","2018","24,314","193","120","73","79","170","348","23,966","10,186","2.35","1.48","16,212","37.17","6,026"
"107","Routt County","2019","24,520","208","123","85","121","250","349","24,171","10,268","2.35","1.48","16,369","37.27","6,101"
"107","Routt County","2020","24,837","194","130","64","253","285","351","24,486","10,431","2.35","1.48","16,572","37.06","6,141"
"107","Routt County","2021","25,068","182","117","65","166","215","282","24,786","10,530","2.35","1.48","16,734","37.07","6,204"
"107","Routt County","2022","25,105","219","145","74","-37","438","340","24,765","10,742","2.31","1.45","17,074","37.09","6,332"
"107","Routt County","2023","25,137","193","139","54","-22","329","355","24,782","10,874","2.28","1.43","17,275","37.05","6,401"
"107","Routt County","2024","25,241","199","130","69","35","597","417","24,824","11,196","2.22","1.40","17,792","37.07","6,596"
"109","Saguache County","2001","6,083","73","47","26","74","130","36","6,047","2,398","2.52","1.86","3,244","26.10","846"
"109","Saguache County","2002","6,245","96","53","43","119","103","36","6,209","2,489","2.50","1.86","3,342","25.60","854"
"109","Saguache County","2003","6,279","97","40","57","-23","75","36","6,243","2,526","2.47","1.83","3,411","26.00","885"
"109","Saguache County","2004","6,240","84","35","49","-88","82","36","6,204","2,527","2.46","1.78","3,493","27.70","966"
"109","Saguache County","2005","6,284","74","35","39","5","103","36","6,248","2,572","2.43","1.74","3,590","28.40","1,018"
"109","Saguache County","2006","6,241","99","38","61","-104","77","36","6,205","2,580","2.41","1.70","3,659","29.50","1,079"
"109","Saguache County","2007","6,159","80","38","42","-124","72","36","6,123","2,566","2.39","1.64","3,736","31.30","1,170"
"109","Saguache County","2008","6,176","59","48","11","6","62","36","6,140","2,599","2.36","1.62","3,791","31.40","1,192"
"109","Saguache County","2009","6,126","73","47","26","-76","42","36","6,090","2,600","2.34","1.59","3,820","31.90","1,220"
"109","Saguache County","2010","6,144","65","47","18","0","35","18","6,126","2,249","2.72","1.90","3,231","30.39","982"
"109","Saguache County","2011","6,156","72","37","35","-23","25","20","6,136","2,665","2.30","1.88","3,266","18.39","601"
"109","Saguache County","2012","6,158","76","29","47","-45","32","21","6,137","2,675","2.29","1.87","3,290","18.71","615"
"109","Saguache County","2013","6,166","73","32","41","-33","35","23","6,144","2,686","2.29","1.85","3,321","19.11","635"
"109","Saguache County","2014","6,175","55","46","9","0","32","24","6,151","2,699","2.28","1.83","3,353","19.51","654"
"109","Saguache County","2015","6,183","78","60","18","-10","29","26","6,157","2,711","2.27","1.82","3,384","19.90","673"
"109","Saguache County","2016","6,188","77","49","28","-23","54","28","6,160","2,721","2.26","1.81","3,412","20.24","691"
"109","Saguache County","2017","6,214","66","47","19","7","93","29","6,184","2,741","2.26","1.79","3,464","20.86","723"
"109","Saguache County","2018","6,276","77","55","22","40","106","31","6,245","2,778","2.25","1.75","3,559","21.95","781"
"109","Saguache County","2019","6,360","44","48","-4","88","70","32","6,328","2,824","2.24","1.72","3,679","23.25","855"
"109","Saguache County","2020","6,391","41","48","-7","38","54","16","6,375","2,852","2.24","1.69","3,763","24.21","911"
"109","Saguache County","2021","6,509","62","69","-7","125","101","16","6,493","2,890","2.25","1.70","3,817","24.29","927"
"109","Saguache County","2022","6,623","71","87","-16","130","84","16","6,607","2,961","2.23","1.69","3,915","24.37","954"
"109","Saguache County","2023","6,683","59","75","-16","76","51","16","6,667","3,008","2.22","1.68","3,980","24.42","972"
"109","Saguache County","2024","6,682","61","52","9","-10","104","16","6,666","3,043","2.19","1.65","4,030","24.49","987"
"111","San Juan County","2001","566","5","3","2","3","5","5","561","273","2.05","0.88","639","57.30","366"
"111","San Juan County","2002","599","5","1","4","29","9","5","594","290","2.05","0.91","650","55.40","360"
"111","San Juan County","2003","615","6","0","6","10","14","5","610","298","2.05","0.92","664","55.10","366"
"111","San Juan County","2004","635","6","3","3","17","19","5","630","308","2.05","0.92","685","55.00","377"
"111","San Juan County","2005","645","6","3","3","7","19","5","640","314","2.04","0.91","706","55.50","392"
"111","San Juan County","2006","672","9","2","7","20","20","5","667","327","2.04","0.91","729","55.10","402"
"111","San Juan County","2007","686","7","4","3","11","11","5","681","335","2.03","0.92","741","54.80","406"
"111","San Juan County","2008","698","5","2","3","9","4","5","693","341","2.03","0.93","746","54.30","405"
"111","San Juan County","2009","687","3","3","0","-11","7","5","682","335","2.04","0.91","752","55.50","417"
"111","San Juan County","2010","709","3","3","0","22","1","0","709","346","2.05","0.96","739","53.18","393"
"111","San Juan County","2011","706","8","8","0","-3","1","0","706","349","2.02","0.95","740","52.77","391"
"111","San Juan County","2012","703","3","2","1","-4","6","0","703","350","2.01","0.95","741","52.77","391"
"111","San Juan County","2013","704","3","5","-2","3","0","0","704","353","1.99","0.94","747","52.76","394"
"111","San Juan County","2014","700","7","3","4","-8","0","0","700","353","1.98","0.94","747","52.76","394"
"111","San Juan County","2015","696","6","6","0","-4","6","0","696","353","1.97","0.93","747","52.76","394"
"111","San Juan County","2016","697","5","3","2","-1","8","0","697","356","1.96","0.93","753","52.74","397"
"111","San Juan County","2017","700","6","5","1","2","7","0","700","360","1.94","0.92","761","52.73","401"
"111","San Juan County","2018","703","3","1","2","1","7","0","703","363","1.94","0.92","768","52.71","405"
"111","San Juan County","2019","705","3","0","3","-1","7","0","705","367","1.92","0.91","775","52.70","408"
"111","San Juan County","2020","711","2","6","-4","10","7","","711","371","1.92","0.91","782","52.56","411"
"111","San Juan County","2021","741","5","7","-2","32","17","","741","374","1.98","0.94","789","52.60","415"
"111","San Juan County","2022","800","4","8","-4","63","5","","800","383","2.09","0.99","806","52.48","423"
"111","San Juan County","2023","803","10","5","5","-2","11","","803","386","2.08","0.99","811","52.40","425"
"111","San Juan County","2024","818","1","6","-5","20","19","","818","391","2.09","1.00","822","52.43","431"
"113","San Miguel County","2001","6,900","65","15","50","235","138","17","6,883","3,169","2.17","1.28","5,392","41.20","2,223"
"113","San Miguel County","2002","7,042","84","13","71","71","130","17","7,025","3,243","2.17","1.26","5,555","41.60","2,312"
"113","San Miguel County","2003","7,010","74","24","50","-82","97","17","6,993","3,234","2.16","1.23","5,690","43.20","2,456"
"113","San Miguel County","2004","7,027","78","15","63","-46","94","17","7,010","3,248","2.16","1.21","5,813","44.10","2,565"
"113","San Miguel County","2005","7,045","72","15","57","-39","126","17","7,028","3,258","2.16","1.19","5,930","45.10","2,672"
"113","San Miguel County","2006","7,059","105","21","84","-70","205","17","7,042","3,273","2.15","1.14","6,157","46.80","2,884"
"113","San Miguel County","2007","7,276","96","19","77","140","155","17","7,259","3,397","2.14","1.14","6,343","46.40","2,946"
"113","San Miguel County","2008","7,304","118","11","107","-79","148","17","7,287","3,416","2.13","1.12","6,521","47.60","3,105"
"113","San Miguel County","2009","7,267","79","13","66","-103","120","17","7,250","3,399","2.13","1.10","6,583","48.40","3,184"
"113","San Miguel County","2010","7,356","65","20","45","44","47","9","7,347","3,253","2.26","1.19","6,165","47.23","2,912"
"113","San Miguel County","2011","7,486","76","18","58","72","28","81","7,405","3,460","2.14","1.20","6,190","44.10","2,730"
"113","San Miguel County","2012","7,576","72","31","41","49","25","126","7,450","3,462","2.15","1.20","6,197","44.13","2,735"
"113","San Miguel County","2013","7,615","68","25","43","-4","22","116","7,499","3,467","2.16","1.21","6,209","44.17","2,742"
"113","San Miguel County","2014","7,728","69","26","43","70","36","167","7,561","3,477","2.17","1.21","6,238","44.26","2,761"
"113","San Miguel County","2015","7,825","68","22","46","51","32","160","7,665","3,506","2.19","1.21","6,320","44.52","2,814"
"113","San Miguel County","2016","8,001","68","27","41","135","35","269","7,732","3,519","2.20","1.22","6,355","44.63","2,836"
"113","San Miguel County","2017","8,014","68","16","52","-39","68","214","7,800","3,531","2.21","1.22","6,390","44.74","2,859"
"113","San Miguel County","2018","8,154","49","13","36","104","53","253","7,901","3,559","2.22","1.22","6,467","44.97","2,908"
"113","San Miguel County","2019","8,123","62","24","38","-69","51","146","7,977","3,575","2.23","1.22","6,512","45.10","2,937"
"113","San Miguel County","2020","8,056","54","22","32","-99","34","5","8,051","3,597","2.24","1.23","6,556","45.13","2,959"
"113","San Miguel County","2021","8,080","53","27","26","-2","80","5","8,075","3,614","2.23","1.23","6,585","45.12","2,971"
"113","San Miguel County","2022","8,006","50","43","7","-81","70","5","8,001","3,656","2.19","1.20","6,648","45.01","2,992"
"113","San Miguel County","2023","7,870","47","33","14","-150","74","5","7,865","3,698","2.13","1.17","6,719","44.96","3,021"
"113","San Miguel County","2024","7,802","45","36","9","-77","57","5","7,797","3,730","2.09","1.15","6,788","45.05","3,058"
"115","Sedgwick County","2001","2,694","33","37","-4","-46","4","57","2,637","1,152","2.29","1.89","1,396","17.50","244"
"115","Sedgwick County","2002","2,694","30","43","-13","13","2","57","2,637","1,161","2.27","1.88","1,401","17.10","240"
"115","Sedgwick County","2003","2,715","20","39","-19","40","0","57","2,658","1,179","2.25","1.90","1,402","15.90","223"
"115","Sedgwick County","2004","2,606","31","44","-13","-96","1","57","2,549","1,132","2.25","1.84","1,389","18.50","257"
"115","Sedgwick County","2005","2,578","35","49","-14","-14","2","57","2,521","1,132","2.23","1.81","1,394","18.80","262"
"115","Sedgwick County","2006","2,515","21","34","-13","-50","2","57","2,458","1,113","2.21","1.76","1,399","20.40","286"
"115","Sedgwick County","2007","2,422","14","34","-20","-73","1","57","2,365","1,081","2.19","1.69","1,403","23.00","322"
"115","Sedgwick County","2008","2,420","27","33","-6","4","1","57","2,363","1,092","2.16","1.68","1,408","22.40","316"
"115","Sedgwick County","2009","2,376","21","31","-10","-34","1","57","2,319","1,080","2.15","1.64","1,411","23.50","331"
"115","Sedgwick County","2010","2,367","21","36","-15","6","0","35","2,332","1,016","2.30","1.76","1,325","23.32","309"
"115","Sedgwick County","2011","2,371","29","41","-12","16","0","36","2,335","1,086","2.15","1.76","1,325","18.04","239"
"115","Sedgwick County","2012","2,375","21","38","-17","21","2","37","2,338","1,086","2.15","1.76","1,325","18.04","239"
"115","Sedgwick County","2013","2,379","27","29","-2","6","2","37","2,342","1,086","2.16","1.76","1,327","18.15","241"
"115","Sedgwick County","2014","2,384","26","33","-7","12","1","38","2,345","1,086","2.16","1.76","1,330","18.32","244"
"115","Sedgwick County","2015","2,388","24","53","-29","33","0","39","2,349","1,086","2.16","1.76","1,331","18.38","245"
"115","Sedgwick County","2016","2,392","29","36","-7","11","3","40","2,352","1,086","2.17","1.77","1,331","18.38","245"
"115","Sedgwick County","2017","2,396","20","34","-14","18","2","41","2,355","1,087","2.17","1.76","1,335","18.61","248"
"115","Sedgwick County","2018","2,401","21","35","-14","19","2","41","2,359","1,087","2.17","1.76","1,339","18.84","252"
"115","Sedgwick County","2019","2,405","19","28","-9","13","2","42","2,363","1,087","2.17","1.76","1,341","18.95","254"
"115","Sedgwick County","2020","2,391","18","39","-21","7","","39","2,352","1,086","2.17","1.75","1,343","19.14","257"
"115","Sedgwick County","2021","2,332","15","44","-29","-30","1","37","2,295","1,086","2.11","1.71","1,343","19.14","257"
"115","Sedgwick County","2022","2,297","12","40","-28","-7","3","32","2,265","1,087","2.08","1.69","1,344","19.12","257"
"115","Sedgwick County","2023","2,320","17","39","-22","45","3","31","2,289","1,090","2.10","1.70","1,348","19.14","258"
"115","Sedgwick County","2024","2,278","25","49","-24","-18","3","36","2,242","1,091","2.05","1.66","1,349","19.13","258"
"117","Summit County","2001","26,293","329","44","285","299","777","927","25,366","10,408","2.44","0.88","28,741","63.80","18,333"
"117","Summit County","2002","26,514","364","41","323","-102","464","927","25,587","10,505","2.44","0.89","28,911","63.70","18,406"
"117","Summit County","2003","26,706","346","32","314","-122","384","927","25,779","10,588","2.43","0.88","29,154","63.70","18,566"
"117","Summit County","2004","26,707","353","46","307","-306","397","927","25,780","10,593","2.43","0.88","29,282","63.80","18,689"
"117","Summit County","2005","26,623","339","46","293","-377","322","927","25,696","10,568","2.43","0.87","29,379","64.00","18,811"
"117","Summit County","2006","26,839","367","50","317","-101","456","927","25,912","10,660","2.43","0.88","29,419","63.80","18,759"
"117","Summit County","2007","27,163","345","42","303","21","422","927","26,236","10,801","2.43","0.89","29,536","63.40","18,735"
"117","Summit County","2008","27,464","366","49","317","-16","437","927","26,537","10,928","2.43","0.90","29,646","63.10","18,718"
"117","Summit County","2009","27,783","373","47","326","-7","341","927","26,856","11,072","2.43","0.90","29,943","63.00","18,871"
"117","Summit County","2010","28,073","287","51","236","54","117","273","27,800","11,787","2.36","0.93","29,861","60.53","18,074"
"117","Summit County","2011","28,087","308","54","254","-240","154","301","27,786","11,781","2.36","0.93","29,866","60.55","18,085"
"117","Summit County","2012","28,385","309","57","252","46","139","330","28,055","11,895","2.36","0.94","29,866","60.17","17,971"
"117","Summit County","2013","28,860","248","53","195","280","279","358","28,502","12,085","2.36","0.95","29,882","59.56","17,797"
"117","Summit County","2014","29,496","271","67","204","432","207","387","29,109","12,342","2.36","0.97","30,034","58.91","17,692"
"117","Summit County","2015","30,268","271","69","202","570","195","416","29,852","12,657","2.36","0.99","30,121","57.98","17,464"
"117","Summit County","2016","30,817","295","63","232","317","306","445","30,372","12,878","2.36","1.01","30,141","57.27","17,263"
"117","Summit County","2017","31,133","279","68","211","105","475","473","30,660","13,000","2.36","1.01","30,320","57.12","17,320"
"117","Summit County","2018","31,095","275","71","204","-242","643","502","30,593","12,972","2.36","1.00","30,593","57.60","17,621"
"117","Summit County","2019","31,190","241","71","170","-75","401","530","30,660","13,000","2.36","0.99","31,123","58.23","18,123"
"117","Summit County","2020","31,238","263","84","179","-131","318","816","30,422","12,982","2.34","0.97","31,443","58.71","18,461"
"117","Summit County","2021","31,235","251","71","180","-183","407","816","30,419","13,185","2.31","0.96","31,844","58.60","18,659"
"117","Summit County","2022","30,907","252","91","161","-489","400","816","30,091","13,413","2.24","0.93","32,311","58.49","18,898"
"117","Summit County","2023","30,812","242","86","156","-251","545","816","29,996","13,629","2.20","0.92","32,771","58.41","19,142"
"117","Summit County","2024","30,889","266","78","188","-111","258","816","30,073","13,470","2.23","0.91","33,113","59.32","19,643"
"119","Teller County","2001","21,738","211","83","128","542","359","120","21,618","8,532","2.53","1.96","11,043","22.70","2,511"
"119","Teller County","2002","21,989","249","96","153","98","203","120","21,869","8,694","2.52","1.94","11,285","23.00","2,591"
"119","Teller County","2003","22,218","232","93","139","90","229","120","22,098","8,853","2.50","1.92","11,532","23.20","2,679"
"119","Teller County","2004","22,218","219","95","124","-124","206","120","22,098","8,918","2.48","1.88","11,778","24.30","2,860"
"119","Teller County","2005","22,505","205","104","101","186","275","120","22,385","9,101","2.46","1.85","12,104","24.80","3,003"
"119","Teller County","2006","22,791","206","120","86","200","195","120","22,671","9,292","2.44","1.84","12,294","24.40","3,002"
"119","Teller County","2007","23,164","234","98","136","237","160","120","23,044","9,519","2.42","1.85","12,450","23.50","2,931"
"119","Teller County","2008","23,102","195","121","74","-136","137","120","22,982","9,570","2.40","1.83","12,583","24.00","3,013"
"119","Teller County","2009","23,205","183","124","59","44","88","120","23,085","9,690","2.38","1.83","12,619","23.20","2,929"
"119","Teller County","2010","23,441","202","151","51","185","42","132","23,309","9,844","2.37","1.84","12,651","22.19","2,807"
"119","Teller County","2011","23,268","222","134","88","-261","55","137","23,131","9,793","2.36","1.83","12,663","22.66","2,870"
"119","Teller County","2012","23,270","154","144","10","-8","37","142","23,128","9,815","2.36","1.82","12,699","22.71","2,884"
"119","Teller County","2013","23,110","165","125","40","-200","46","147","22,963","9,769","2.35","1.80","12,744","23.34","2,975"
"119","Teller County","2014","23,121","195","174","21","-10","140","151","22,970","9,796","2.34","1.80","12,772","23.30","2,976"
"119","Teller County","2015","23,006","192","181","11","-126","85","157","22,849","9,768","2.34","1.77","12,896","24.26","3,128"
"119","Teller County","2016","23,607","191","174","17","584","132","162","23,445","10,047","2.33","1.81","12,956","22.45","2,909"
"119","Teller County","2017","24,153","181","144","37","509","110","166","23,987","10,305","2.33","1.84","13,056","21.07","2,751"
"119","Teller County","2018","24,523","170","172","-2","372","148","171","24,352","10,488","2.32","1.85","13,138","20.17","2,650"
"119","Teller County","2019","24,679","154","190","-36","192","120","176","24,503","10,579","2.32","1.85","13,254","20.18","2,675"
"119","Teller County","2020","24,747","195","185","10","58","113","164","24,583","10,640","2.31","1.84","13,346","20.28","2,706"
"119","Teller County","2021","24,954","167","239","-72","279","149","163","24,791","10,768","2.30","1.84","13,508","20.28","2,740"
"119","Teller County","2022","24,859","178","274","-96","1","159","164","24,695","10,914","2.26","1.80","13,692","20.29","2,778"
"119","Teller County","2023","24,704","180","219","-39","-116","194","123","24,581","11,084","2.22","1.77","13,905","20.29","2,821"
"119","Teller County","2024","24,823","177","227","-50","169","145","128","24,695","11,245","2.20","1.75","14,097","20.23","2,852"
"121","Washington County","2001","4,899","48","43","5","-42","16","52","4,847","1,984","2.44","2.08","2,332","14.90","348"
"121","Washington County","2002","5,259","40","65","-25","385","10","161","5,098","2,097","2.43","2.17","2,345","10.60","248"
"121","Washington County","2003","5,140","57","49","8","-127","15","161","4,979","2,058","2.42","2.11","2,364","12.90","306"
"121","Washington County","2004","5,060","38","57","-19","-61","11","222","4,838","2,010","2.41","2.03","2,379","15.50","369"
"121","Washington County","2005","4,995","45","47","-2","-63","4","222","4,773","1,992","2.40","2.00","2,386","16.50","394"
"121","Washington County","2006","4,981","45","57","-12","-2","6","222","4,759","1,998","2.38","1.99","2,394","16.50","396"
"121","Washington County","2007","4,927","42","38","4","-58","9","222","4,705","1,984","2.37","1.95","2,407","17.60","423"
"121","Washington County","2008","4,802","43","53","-10","-115","7","222","4,580","1,941","2.36","1.89","2,418","19.70","477"
"121","Washington County","2009","4,777","44","44","0","-25","1","222","4,555","1,940","2.35","1.88","2,427","20.10","487"
"121","Washington County","2010","4,815","54","41","13","25","5","344","4,471","1,711","2.61","2.05","2,177","21.41","466"
"121","Washington County","2011","4,608","40","53","-13","-194","1","119","4,489","1,914","2.35","2.05","2,187","12.47","273"
"121","Washington County","2012","4,560","40","50","-10","-38","1","54","4,506","1,916","2.35","2.05","2,195","12.71","279"
"121","Washington County","2013","4,614","35","42","-7","61","2","93","4,521","1,917","2.36","2.06","2,199","12.82","282"
"121","Washington County","2014","4,617","47","51","-4","7","5","80","4,537","1,918","2.37","2.06","2,205","13.00","287"
"121","Washington County","2015","4,682","47","50","-3","68","5","127","4,555","1,921","2.37","2.06","2,215","13.29","294"
"121","Washington County","2016","4,745","57","66","-9","72","6","171","4,574","1,923","2.38","2.05","2,227","13.63","304"
"121","Washington County","2017","4,845","45","39","6","94","8","252","4,593","1,926","2.38","2.05","2,239","13.97","313"
"121","Washington County","2018","4,812","58","58","0","-33","9","200","4,612","1,928","2.39","2.05","2,249","14.26","321"
"121","Washington County","2019","4,826","46","46","0","14","10","191","4,635","1,933","2.40","2.04","2,268","14.78","335"
"121","Washington County","2020","4,813","43","65","-22","9","7","166","4,647","1,936","2.40","2.04","2,279","15.05","343"
"121","Washington County","2021","4,871","50","68","-18","76","1","165","4,706","1,944","2.42","2.06","2,288","15.03","344"
"121","Washington County","2022","4,840","49","77","-28","-3","4","164","4,676","1,944","2.41","2.04","2,288","15.03","344"
"121","Washington County","2023","4,851","44","60","-16","27","7","165","4,686","1,947","2.41","2.04","2,292","15.05","345"
"121","Washington County","2024","4,773","60","53","7","-85","2","163","4,610","1,952","2.36","2.01","2,299","15.09","347"
"123","Weld County","2001","192,482","3,245","1,210","2,035","7,371","4,029","5,031","187,451","67,408","2.78","2.61","71,809","6.10","4,401"
"123","Weld County","2002","198,975","3,447","1,178","2,269","4,224","4,115","5,050","193,925","69,750","2.78","2.54","76,236","8.50","6,486"
"123","Weld County","2003","207,157","3,651","1,224","2,427","5,755","4,113","5,048","202,109","72,733","2.78","2.51","80,488","9.60","7,755"
"123","Weld County","2004","214,069","3,895","1,217","2,678","4,234","3,562","5,037","209,032","75,257","2.78","2.47","84,557","11.00","9,300"
"123","Weld County","2005","223,432","3,849","1,263","2,586","6,777","3,768","5,065","218,367","78,672","2.78","2.46","88,602","11.20","9,930"
"123","Weld County","2006","231,283","4,001","1,259","2,742","5,109","3,691","5,077","226,206","81,597","2.77","2.46","92,059","11.40","10,462"
"123","Weld County","2007","238,279","4,101","1,314","2,787","4,209","2,433","5,060","233,219","84,195","2.77","2.47","94,523","10.90","10,328"
"123","Weld County","2008","244,116","4,013","1,294","2,719","3,118","1,596","5,051","239,065","86,395","2.77","2.50","95,692","9.70","9,297"
"123","Weld County","2009","248,959","3,923","1,314","2,609","2,234","837","5,057","243,902","88,253","2.76","2.54","96,177","8.20","7,924"
"123","Weld County","2010","254,230","3,799","1,352","2,447","2,824","863","5,895","248,335","89,831","2.76","2.57","96,540","6.95","6,709"
"123","Weld County","2011","258,702","3,751","1,435","2,316","2,156","889","5,894","252,808","91,197","2.77","2.60","97,321","6.29","6,124"
"123","Weld County","2012","263,850","3,795","1,456","2,339","2,809","1,241","5,893","257,957","92,799","2.78","2.63","98,257","5.55","5,458"
"123","Weld County","2013","269,770","3,815","1,566","2,249","3,671","1,935","5,915","263,855","94,661","2.79","2.65","99,547","4.91","4,886"
"123","Weld County","2014","275,994","3,961","1,611","2,350","3,874","2,708","5,345","270,649","96,834","2.79","2.68","101,046","4.17","4,212"
"123","Weld County","2015","284,855","4,083","1,732","2,351","6,510","3,186","5,638","279,217","99,627","2.80","2.70","103,354","3.61","3,727"
"123","Weld County","2016","294,513","4,256","1,751","2,505","7,153","3,009","5,570","288,943","102,818","2.81","2.72","106,316","3.29","3,498"
"123","Weld County","2017","304,595","4,309","1,832","2,477","7,605","3,646","5,583","299,012","106,113","2.82","2.73","109,489","3.08","3,376"
"123","Weld County","2018","313,219","4,271","1,880","2,391","6,233","4,107","5,365","307,854","108,956","2.83","2.72","113,019","3.59","4,063"
"123","Weld County","2019","322,333","4,243","1,870","2,373","6,741","4,387","5,629","316,704","111,787","2.83","2.71","116,937","4.40","5,150"
"123","Weld County","2020","331,459","4,431","2,028","2,403","6,723","4,185","5,190","326,269","114,927","2.84","2.70","120,936","4.97","6,009"
"123","Weld County","2021","339,934","4,433","2,270","2,163","6,312","5,268","4,433","335,501","119,085","2.82","2.68","125,310","4.97","6,225"
"123","Weld County","2022","350,563","4,605","2,599","2,006","8,623","6,143","4,418","346,145","122,986","2.81","2.67","129,414","4.97","6,428"
"123","Weld County","2023","360,272","4,859","2,309","2,550","7,159","3,627","4,269","356,003","126,738","2.81","2.67","133,356","4.96","6,618"
"123","Weld County","2024","369,880","4,878","2,314","2,564","7,044","3,468","4,366","365,514","130,977","2.79","2.65","137,817","4.96","6,840"
"125","Yuma County","2001","9,831","144","114","30","-14","17","146","9,685","3,802","2.55","2.24","4,329","12.20","527"
"125","Yuma County","2002","9,947","119","115","4","112","11","210","9,737","3,834","2.54","2.24","4,353","11.90","519"
"125","Yuma County","2003","10,093","163","107","56","90","8","209","9,884","3,903","2.53","2.26","4,372","10.70","469"
"125","Yuma County","2004","9,885","140","104","36","-244","9","207","9,678","3,830","2.53","2.20","4,392","12.80","562"
"125","Yuma County","2005","9,892","142","105","37","-30","2","205","9,687","3,843","2.52","2.20","4,406","12.80","563"
"125","Yuma County","2006","9,917","153","112","41","-16","1","216","9,701","3,857","2.52","2.20","4,417","12.70","560"
"125","Yuma County","2007","9,881","148","89","59","-95","5","221","9,660","3,850","2.51","2.18","4,435","13.20","585"
"125","Yuma County","2008","9,895","159","121","38","-24","0","219","9,676","3,866","2.50","2.18","4,446","13.10","580"
"125","Yuma County","2009","10,036","166","90","76","65","4","217","9,819","3,934","2.50","2.20","4,457","11.70","523"
"125","Yuma County","2010","10,032","128","92","36","-40","0","196","9,836","3,740","2.63","2.33","4,227","11.52","487"
"125","Yuma County","2011","10,111","155","118","37","42","3","279","9,832","3,938","2.50","2.32","4,237","7.07","299"
"125","Yuma County","2012","10,078","157","112","45","-78","1","248","9,830","3,929","2.50","2.32","4,246","7.47","317"
"125","Yuma County","2013","10,143","140","92","48","17","2","313","9,830","3,921","2.51","2.31","4,254","7.82","333"
"125","Yuma County","2014","10,188","142","78","64","-19","3","365","9,823","3,911","2.51","2.30","4,265","8.30","354"
"125","Yuma County","2015","10,039","142","97","45","-194","1","240","9,799","3,894","2.52","2.29","4,283","9.08","389"
"125","Yuma County","2016","10,056","145","100","45","-28","3","264","9,792","3,884","2.52","2.28","4,294","9.56","410"
"125","Yuma County","2017","9,973","145","115","30","-113","1","186","9,787","3,874","2.53","2.27","4,304","9.99","430"
"125","Yuma County","2018","9,955","134","99","35","-53","0","166","9,789","3,867","2.53","2.27","4,311","10.29","444"
"125","Yuma County","2019","10,009","148","93","55","-1","5","217","9,792","3,862","2.54","2.27","4,317","10.55","455"
"125","Yuma County","2020","9,978","116","97","19","-50","6","218","9,760","3,857","2.53","2.26","4,321","10.74","464"
"125","Yuma County","2021","9,932","134","126","8","-54","4","182","9,750","3,862","2.52","2.25","4,326","10.73","464"
"125","Yuma County","2022","9,976","140","95","45","-1","20","163","9,813","3,867","2.54","2.27","4,332","10.73","465"
"125","Yuma County","2023","9,985","121","92","29","-20","11","157","9,828","3,884","2.53","2.26","4,352","10.75","468"
"125","Yuma County","2024","10,026","128","119","9","32","12","164","9,862","3,893","2.53","2.26","4,362","10.75","469"